tech,vs0_frac,vs0_V,vg_V,id_ngspice_A,id_nn_A
TSMC5,0.0,0.0,0.0000,2.125944e-11,0.000000e+00
TSMC5,0.0,0.0,0.0050,2.489742e-11,0.000000e+00
TSMC5,0.0,0.0,0.0100,2.944489e-11,0.000000e+00
TSMC5,0.0,0.0,0.0150,3.490186e-11,0.000000e+00
TSMC5,0.0,0.0,0.0200,4.149570e-11,0.000000e+00
TSMC5,0.0,0.0,0.0250,4.934009e-11,0.000000e+00
TSMC5,0.0,0.0,0.0300,5.866241e-11,0.000000e+00
TSMC5,0.0,0.0,0.0350,7.094059e-11,0.000000e+00
TSMC5,0.0,0.0,0.0400,8.435563e-11,0.000000e+00
TSMC5,0.0,0.0,0.0450,1.004992e-10,0.000000e+00
TSMC5,0.0,0.0,0.0500,1.197122e-10,0.000000e+00
TSMC5,0.0,0.0,0.0550,1.429044e-10,0.000000e+00
TSMC5,0.0,0.0,0.0600,1.699618e-10,0.000000e+00
TSMC5,0.0,0.0,0.0650,2.029310e-10,0.000000e+00
TSMC5,0.0,0.0,0.0700,2.419256e-10,0.000000e+00
TSMC5,0.0,0.0,0.0750,2.883098e-10,0.000000e+00
TSMC5,0.0,0.0,0.0800,3.439027e-10,4.483672e-09
TSMC5,0.0,0.0,0.0850,4.100684e-10,9.087089e-09
TSMC5,0.0,0.0,0.0900,4.891945e-10,1.370949e-08
TSMC5,0.0,0.0,0.0950,5.833272e-10,1.837259e-08
TSMC5,0.0,0.0,0.1000,6.956498e-10,2.305739e-08
TSMC5,0.0,0.0,0.1050,8.298002e-10,2.779373e-08
TSMC5,0.0,0.0,0.1100,9.896439e-10,3.256804e-08
TSMC5,0.0,0.0,0.1150,1.180410e-09,3.740204e-08
TSMC5,0.0,0.0,0.1200,1.407898e-09,4.230385e-08
TSMC5,0.0,0.0,0.1250,1.679268e-09,4.728705e-08
TSMC5,0.0,0.0,0.1300,2.002821e-09,5.238146e-08
TSMC5,0.0,0.0,0.1350,2.388674e-09,5.759253e-08
TSMC5,0.0,0.0,0.1400,2.848765e-09,6.295007e-08
TSMC5,0.0,0.0,0.1450,3.397531e-09,6.847581e-08
TSMC5,0.0,0.0,0.1500,4.051685e-09,7.419143e-08
TSMC5,0.0,0.0,0.1550,4.831691e-09,8.014306e-08
TSMC5,0.0,0.0,0.1600,5.761308e-09,8.634155e-08
TSMC5,0.0,0.0,0.1650,6.869413e-09,9.283843e-08
TSMC5,0.0,0.0,0.1700,8.189772e-09,9.965270e-08
TSMC5,0.0,0.0,0.1750,9.763426e-09,1.068278e-07
TSMC5,0.0,0.0,0.1800,1.163744e-08,1.144124e-07
TSMC5,0.0,0.0,0.1850,1.386945e-08,1.224284e-07
TSMC5,0.0,0.0,0.1900,1.652654e-08,1.309409e-07
TSMC5,0.0,0.0,0.1950,1.968885e-08,1.399850e-07
TSMC5,0.0,0.0,0.2000,2.345053e-08,1.496286e-07
TSMC5,0.0,0.0,0.2050,2.792365e-08,1.599559e-07
TSMC5,0.0,0.0,0.2100,3.323919e-08,1.710508e-07
TSMC5,0.0,0.0,0.2150,3.955176e-08,1.830410e-07
TSMC5,0.0,0.0,0.2200,4.704316e-08,1.960511e-07
TSMC5,0.0,0.0,0.2250,5.592631e-08,2.102929e-07
TSMC5,0.0,0.0,0.2300,6.644962e-08,2.260049e-07
TSMC5,0.0,0.0,0.2350,7.890310e-08,2.434911e-07
TSMC5,0.0,0.0,0.2400,9.362350e-08,2.631449e-07
TSMC5,0.0,0.0,0.2450,1.110018e-07,2.854355e-07
TSMC5,0.0,0.0,0.2500,1.314884e-07,3.109299e-07
TSMC5,0.0,0.0,0.2550,1.556026e-07,3.403471e-07
TSMC5,0.0,0.0,0.2600,1.839395e-07,3.744793e-07
TSMC5,0.0,0.0,0.2650,2.171773e-07,4.142924e-07
TSMC5,0.0,0.0,0.2700,2.560865e-07,4.608392e-07
TSMC5,0.0,0.0,0.2750,3.015359e-07,5.153083e-07
TSMC5,0.0,0.0,0.2800,3.544982e-07,5.790185e-07
TSMC5,0.0,0.0,0.2850,4.160561e-07,6.533679e-07
TSMC5,0.0,0.0,0.2900,4.874011e-07,7.398524e-07
TSMC5,0.0,0.0,0.2950,5.698353e-07,8.400041e-07
TSMC5,0.0,0.0,0.3000,6.647649e-07,9.554101e-07
TSMC5,0.0,0.0,0.3050,7.736938e-07,1.087667e-06
TSMC5,0.0,0.0,0.3100,8.982136e-07,1.238363e-06
TSMC5,0.0,0.0,0.3150,1.039989e-06,1.409038e-06
TSMC5,0.0,0.0,0.3200,1.200742e-06,1.601201e-06
TSMC5,0.0,0.0,0.3250,1.382240e-06,1.816323e-06
TSMC5,0.0,0.0,0.3300,1.586272e-06,2.055823e-06
TSMC5,0.0,0.0,0.3350,1.814634e-06,2.321120e-06
TSMC5,0.0,0.0,0.3400,2.069111e-06,2.613570e-06
TSMC5,0.0,0.0,0.3450,2.351460e-06,2.934581e-06
TSMC5,0.0,0.0,0.3500,2.663395e-06,3.285602e-06
TSMC5,0.0,0.0,0.3550,3.006568e-06,3.668094e-06
TSMC5,0.0,0.0,0.3600,3.382558e-06,4.083577e-06
TSMC5,0.0,0.0,0.3650,3.792857e-06,4.533597e-06
TSMC5,0.0,0.0,0.3700,4.238853e-06,5.019702e-06
TSMC5,0.0,0.0,0.3750,4.721821e-06,5.543423e-06
TSMC5,0.0,0.0,0.3800,5.242907e-06,6.106224e-06
TSMC5,0.0,0.0,0.3850,5.803120e-06,6.709436e-06
TSMC5,0.0,0.0,0.3900,6.403314e-06,7.354255e-06
TSMC5,0.0,0.0,0.3950,7.044182e-06,8.041704e-06
TSMC5,0.0,0.0,0.4000,7.726245e-06,8.772586e-06
TSMC5,0.0,0.0,0.4050,8.449839e-06,9.547443e-06
TSMC5,0.0,0.0,0.4100,9.215113e-06,1.036662e-05
TSMC5,0.0,0.0,0.4150,1.002202e-05,1.123018e-05
TSMC5,0.0,0.0,0.4200,1.087033e-05,1.213797e-05
TSMC5,0.0,0.0,0.4250,1.175962e-05,1.308962e-05
TSMC5,0.0,0.0,0.4300,1.268927e-05,1.408457e-05
TSMC5,0.0,0.0,0.4350,1.365851e-05,1.512201e-05
TSMC5,0.0,0.0,0.4400,1.466642e-05,1.620109e-05
TSMC5,0.0,0.0,0.4450,1.571195e-05,1.732072e-05
TSMC5,0.0,0.0,0.4500,1.679394e-05,1.847982e-05
TSMC5,0.0,0.0,0.4550,1.789377e-05,1.967717e-05
TSMC5,0.0,0.0,0.4600,1.904560e-05,2.091148e-05
TSMC5,0.0,0.0,0.4650,2.023009e-05,2.218148e-05
TSMC5,0.0,0.0,0.4700,2.144594e-05,2.348594e-05
TSMC5,0.0,0.0,0.4750,2.269185e-05,2.482348e-05
TSMC5,0.0,0.0,0.4800,2.396657e-05,2.619291e-05
TSMC5,0.0,0.0,0.4850,2.526889e-05,2.759296e-05
TSMC5,0.0,0.0,0.4900,2.659768e-05,2.902246e-05
TSMC5,0.0,0.0,0.4950,2.795185e-05,3.048024e-05
TSMC5,0.0,0.0,0.5000,2.933037e-05,3.196514e-05
TSMC5,0.0,0.0,0.5050,3.073227e-05,3.347620e-05
TSMC5,0.0,0.0,0.5100,3.215664e-05,3.501231e-05
TSMC5,0.0,0.0,0.5150,3.360261e-05,3.657264e-05
TSMC5,0.0,0.0,0.5200,3.506938e-05,3.815612e-05
TSMC5,0.0,0.0,0.5250,3.655617e-05,3.976195e-05
TSMC5,0.0,0.0,0.5300,3.806223e-05,4.138924e-05
TSMC5,0.0,0.0,0.5350,3.958686e-05,4.303724e-05
TSMC5,0.0,0.0,0.5400,4.112937e-05,4.470507e-05
TSMC5,0.0,0.0,0.5450,4.268912e-05,4.639201e-05
TSMC5,0.0,0.0,0.5500,4.426545e-05,4.809736e-05
TSMC5,0.0,0.0,0.5550,4.585776e-05,4.982027e-05
TSMC5,0.0,0.0,0.5600,4.746545e-05,5.156016e-05
TSMC5,0.0,0.0,0.5650,4.908792e-05,5.331627e-05
TSMC5,0.0,0.0,0.5700,5.072461e-05,5.508790e-05
TSMC5,0.0,0.0,0.5750,5.237495e-05,5.687441e-05
TSMC5,0.0,0.0,0.5800,5.403839e-05,5.867506e-05
TSMC5,0.0,0.0,0.5850,5.571441e-05,6.048916e-05
TSMC5,0.0,0.0,0.5900,5.740245e-05,6.231619e-05
TSMC5,0.0,0.0,0.5950,5.910202e-05,6.415533e-05
TSMC5,0.0,0.0,0.6000,6.081259e-05,6.600598e-05
TSMC5,0.0,0.0,0.6050,6.253367e-05,6.786743e-05
TSMC5,0.0,0.0,0.6100,6.426476e-05,6.973910e-05
TSMC5,0.0,0.0,0.6150,6.600537e-05,7.162030e-05
TSMC5,0.0,0.0,0.6200,6.775503e-05,7.351039e-05
TSMC5,0.0,0.0,0.6250,6.951326e-05,7.540870e-05
TSMC5,0.0,0.0,0.6300,7.127960e-05,7.731456e-05
TSMC5,0.0,0.0,0.6350,7.305360e-05,7.922742e-05
TSMC5,0.0,0.0,0.6400,7.483480e-05,8.114659e-05
TSMC5,0.0,0.0,0.6450,7.662277e-05,8.307147e-05
TSMC5,0.0,0.0,0.6500,7.841706e-05,8.307147e-05
TSMC5,0.1,0.065,0.0000,2.842171e-12,0.000000e+00
TSMC5,0.1,0.065,0.0050,3.183231e-12,0.000000e+00
TSMC5,0.1,0.065,0.0100,3.637979e-12,0.000000e+00
TSMC5,0.1,0.065,0.0150,4.092726e-12,0.000000e+00
TSMC5,0.1,0.065,0.0200,4.774847e-12,0.000000e+00
TSMC5,0.1,0.065,0.0250,5.456968e-12,0.000000e+00
TSMC5,0.1,0.065,0.0300,6.252776e-12,0.000000e+00
TSMC5,0.1,0.065,0.0350,7.275958e-12,0.000000e+00
TSMC5,0.1,0.065,0.0400,8.640200e-12,0.000000e+00
TSMC5,0.1,0.065,0.0450,1.023182e-11,0.000000e+00
TSMC5,0.1,0.065,0.0500,1.205080e-11,0.000000e+00
TSMC5,0.1,0.065,0.0550,1.432454e-11,0.000000e+00
TSMC5,0.1,0.065,0.0600,1.671197e-11,0.000000e+00
TSMC5,0.1,0.065,0.0650,2.012257e-11,0.000000e+00
TSMC5,0.1,0.065,0.0700,2.376055e-11,0.000000e+00
TSMC5,0.1,0.065,0.0750,2.819434e-11,0.000000e+00
TSMC5,0.1,0.065,0.0800,3.342393e-11,4.453831e-09
TSMC5,0.1,0.065,0.0850,3.967671e-11,9.062672e-09
TSMC5,0.1,0.065,0.0900,4.729372e-11,1.368779e-08
TSMC5,0.1,0.065,0.0950,5.638867e-11,1.835088e-08
TSMC5,0.1,0.065,0.1000,6.718892e-11,2.303839e-08
TSMC5,0.1,0.065,0.1050,8.117240e-11,2.777202e-08
TSMC5,0.1,0.065,0.1100,9.652013e-11,3.254362e-08
TSMC5,0.1,0.065,0.1150,1.151648e-10,3.737762e-08
TSMC5,0.1,0.065,0.1200,1.373337e-10,4.228757e-08
TSMC5,0.1,0.065,0.1250,1.637090e-10,4.727076e-08
TSMC5,0.1,0.065,0.1300,1.952003e-10,5.235975e-08
TSMC5,0.1,0.065,0.1350,2.328306e-10,5.757352e-08
TSMC5,0.1,0.065,0.1400,2.776233e-10,6.293378e-08
TSMC5,0.1,0.065,0.1450,3.311698e-10,6.845680e-08
TSMC5,0.1,0.065,0.1500,3.949481e-10,7.417514e-08
TSMC5,0.1,0.065,0.1550,4.711183e-10,8.012405e-08
TSMC5,0.1,0.065,0.1600,5.617267e-10,8.632254e-08
TSMC5,0.1,0.065,0.1650,6.700702e-10,9.281942e-08
TSMC5,0.1,0.065,0.1700,7.991048e-10,9.963640e-08
TSMC5,0.1,0.065,0.1750,9.533778e-10,1.068142e-07
TSMC5,0.1,0.065,0.1800,1.136982e-09,1.143934e-07
TSMC5,0.1,0.065,0.1850,1.356170e-09,1.224121e-07
TSMC5,0.1,0.065,0.1900,1.617536e-09,1.309137e-07
TSMC5,0.1,0.065,0.1950,1.929266e-09,1.399660e-07
TSMC5,0.1,0.065,0.2000,2.300908e-09,1.496150e-07
TSMC5,0.1,0.065,0.2050,2.744173e-09,1.599395e-07
TSMC5,0.1,0.065,0.2100,3.272930e-09,1.710345e-07
TSMC5,0.1,0.065,0.2150,3.903210e-09,1.830192e-07
TSMC5,0.1,0.065,0.2200,4.654680e-09,1.960348e-07
TSMC5,0.1,0.065,0.2250,5.550760e-09,2.102792e-07
TSMC5,0.1,0.065,0.2300,6.618507e-09,2.259886e-07
TSMC5,0.1,0.065,0.2350,7.891003e-09,2.434694e-07
TSMC5,0.1,0.065,0.2400,9.407358e-09,2.631204e-07
TSMC5,0.1,0.065,0.2450,1.121384e-08,2.854083e-07
TSMC5,0.1,0.065,0.2500,1.336514e-08,3.109108e-07
TSMC5,0.1,0.065,0.2550,1.592707e-08,3.403253e-07
TSMC5,0.1,0.065,0.2600,1.897638e-08,3.744630e-07
TSMC5,0.1,0.065,0.2650,2.260435e-08,4.142706e-07
TSMC5,0.1,0.065,0.2700,2.691911e-08,4.608066e-07
TSMC5,0.1,0.065,0.2750,3.204775e-08,5.152810e-07
TSMC5,0.1,0.065,0.2800,3.814023e-08,5.789966e-07
TSMC5,0.1,0.065,0.2850,4.537299e-08,6.533460e-07
TSMC5,0.1,0.065,0.2900,5.395202e-08,7.398251e-07
TSMC5,0.1,0.065,0.2950,6.411938e-08,8.399740e-07
TSMC5,0.1,0.065,0.3000,7.615711e-08,9.553881e-07
TSMC5,0.1,0.065,0.3050,9.039343e-08,1.087645e-06
TSMC5,0.1,0.065,0.3100,1.072087e-07,1.238335e-06
TSMC5,0.1,0.065,0.3150,1.270441e-07,1.409011e-06
TSMC5,0.1,0.065,0.3200,1.504061e-07,1.601173e-06
TSMC5,0.1,0.065,0.3250,1.778773e-07,1.816304e-06
TSMC5,0.1,0.065,0.3300,2.101219e-07,2.055807e-06
TSMC5,0.1,0.065,0.3350,2.478953e-07,2.321093e-06
TSMC5,0.1,0.065,0.3400,2.920498e-07,2.613539e-06
TSMC5,0.1,0.065,0.3450,3.435413e-07,2.934551e-06
TSMC5,0.1,0.065,0.3500,4.034335e-07,3.285569e-06
TSMC5,0.1,0.065,0.3550,4.728996e-07,3.668057e-06
TSMC5,0.1,0.065,0.3600,5.532215e-07,4.083538e-06
TSMC5,0.1,0.065,0.3650,6.457855e-07,4.533552e-06
TSMC5,0.1,0.065,0.3700,7.520771e-07,5.019660e-06
TSMC5,0.1,0.065,0.3750,8.736677e-07,5.543375e-06
TSMC5,0.1,0.065,0.3800,1.012205e-06,6.106176e-06
TSMC5,0.1,0.065,0.3850,1.169397e-06,6.709387e-06
TSMC5,0.1,0.065,0.3900,1.346993e-06,7.354200e-06
TSMC5,0.1,0.065,0.3950,1.546774e-06,8.041644e-06
TSMC5,0.1,0.065,0.4000,1.770524e-06,8.772517e-06
TSMC5,0.1,0.065,0.4050,2.020022e-06,9.547376e-06
TSMC5,0.1,0.065,0.4100,2.297021e-06,1.036654e-05
TSMC5,0.1,0.065,0.4150,2.603234e-06,1.123009e-05
TSMC5,0.1,0.065,0.4200,2.940313e-06,1.213788e-05
TSMC5,0.1,0.065,0.4250,3.309842e-06,1.308954e-05
TSMC5,0.1,0.065,0.4300,3.713318e-06,1.408447e-05
TSMC5,0.1,0.065,0.4350,4.152139e-06,1.512191e-05
TSMC5,0.1,0.065,0.4400,4.627590e-06,1.620097e-05
TSMC5,0.1,0.065,0.4450,5.140832e-06,1.732061e-05
TSMC5,0.1,0.065,0.4500,5.692889e-06,1.847969e-05
TSMC5,0.1,0.065,0.4550,6.284632e-06,1.967705e-05
TSMC5,0.1,0.065,0.4600,6.916776e-06,2.091134e-05
TSMC5,0.1,0.065,0.4650,7.589863e-06,2.218134e-05
TSMC5,0.1,0.065,0.4700,8.304252e-06,2.348579e-05
TSMC5,0.1,0.065,0.4750,9.060119e-06,2.482332e-05
TSMC5,0.1,0.065,0.4800,9.857446e-06,2.619275e-05
TSMC5,0.1,0.065,0.4850,1.069602e-05,2.759280e-05
TSMC5,0.1,0.065,0.4900,1.157546e-05,2.902229e-05
TSMC5,0.1,0.065,0.4950,1.249516e-05,3.048007e-05
TSMC5,0.1,0.065,0.5000,1.345439e-05,3.196496e-05
TSMC5,0.1,0.065,0.5050,1.445226e-05,3.347601e-05
TSMC5,0.1,0.065,0.5100,1.548772e-05,3.501212e-05
TSMC5,0.1,0.065,0.5150,1.655966e-05,3.657244e-05
TSMC5,0.1,0.065,0.5200,1.764944e-05,3.815592e-05
TSMC5,0.1,0.065,0.5250,1.879129e-05,3.976176e-05
TSMC5,0.1,0.065,0.5300,1.996585e-05,4.138903e-05
TSMC5,0.1,0.065,0.5350,2.117184e-05,4.303703e-05
TSMC5,0.1,0.065,0.5400,2.240797e-05,4.470486e-05
TSMC5,0.1,0.065,0.5450,2.367299e-05,4.639180e-05
TSMC5,0.1,0.065,0.5500,2.496571e-05,4.809714e-05
TSMC5,0.1,0.065,0.5550,2.628497e-05,4.982006e-05
TSMC5,0.1,0.065,0.5600,2.762970e-05,5.155994e-05
TSMC5,0.1,0.065,0.5650,2.899886e-05,5.331606e-05
TSMC5,0.1,0.065,0.5700,3.039148e-05,5.508769e-05
TSMC5,0.1,0.065,0.5750,3.180665e-05,5.687418e-05
TSMC5,0.1,0.065,0.5800,3.324349e-05,5.867484e-05
TSMC5,0.1,0.065,0.5850,3.470120e-05,6.048894e-05
TSMC5,0.1,0.065,0.5900,3.617898e-05,6.231596e-05
TSMC5,0.1,0.065,0.5950,3.767609e-05,6.415512e-05
TSMC5,0.1,0.065,0.6000,3.919181e-05,6.600578e-05
TSMC5,0.1,0.065,0.6050,4.072547e-05,6.786721e-05
TSMC5,0.1,0.065,0.6100,4.227640e-05,6.973888e-05
TSMC5,0.1,0.065,0.6150,4.384395e-05,7.162010e-05
TSMC5,0.1,0.065,0.6200,4.542751e-05,7.351017e-05
TSMC5,0.1,0.065,0.6250,4.702648e-05,7.540848e-05
TSMC5,0.1,0.065,0.6300,4.864025e-05,7.731437e-05
TSMC5,0.1,0.065,0.6350,5.026826e-05,7.922722e-05
TSMC5,0.1,0.065,0.6400,5.190993e-05,8.114640e-05
TSMC5,0.1,0.065,0.6450,5.356472e-05,8.307127e-05
TSMC5,0.1,0.065,0.6500,5.523209e-05,8.307127e-05
TSMC5,0.2,0.13,0.0000,1.136868e-12,0.000000e+00
TSMC5,0.2,0.13,0.0050,1.136868e-12,0.000000e+00
TSMC5,0.2,0.13,0.0100,1.023182e-12,0.000000e+00
TSMC5,0.2,0.13,0.0150,1.136868e-12,0.000000e+00
TSMC5,0.2,0.13,0.0200,1.023182e-12,0.000000e+00
TSMC5,0.2,0.13,0.0250,1.136868e-12,0.000000e+00
TSMC5,0.2,0.13,0.0300,1.250555e-12,0.000000e+00
TSMC5,0.2,0.13,0.0350,1.364242e-12,0.000000e+00
TSMC5,0.2,0.13,0.0400,1.364242e-12,0.000000e+00
TSMC5,0.2,0.13,0.0450,1.477929e-12,0.000000e+00
TSMC5,0.2,0.13,0.0500,1.705303e-12,0.000000e+00
TSMC5,0.2,0.13,0.0550,1.932676e-12,0.000000e+00
TSMC5,0.2,0.13,0.0600,2.160050e-12,0.000000e+00
TSMC5,0.2,0.13,0.0650,2.501110e-12,0.000000e+00
TSMC5,0.2,0.13,0.0700,2.728484e-12,0.000000e+00
TSMC5,0.2,0.13,0.0750,3.069545e-12,0.000000e+00
TSMC5,0.2,0.13,0.0800,3.751666e-12,4.453826e-09
TSMC5,0.2,0.13,0.0850,4.206413e-12,9.062661e-09
TSMC5,0.2,0.13,0.0900,5.002221e-12,1.368777e-08
TSMC5,0.2,0.13,0.0950,6.025402e-12,1.835086e-08
TSMC5,0.2,0.13,0.1000,6.934897e-12,2.303836e-08
TSMC5,0.2,0.13,0.1050,8.185452e-12,2.777198e-08
TSMC5,0.2,0.13,0.1100,9.777068e-12,3.254358e-08
TSMC5,0.2,0.13,0.1150,1.125500e-11,3.737757e-08
TSMC5,0.2,0.13,0.1200,1.352873e-11,4.228751e-08
TSMC5,0.2,0.13,0.1250,1.602984e-11,4.727070e-08
TSMC5,0.2,0.13,0.1300,1.898570e-11,5.235968e-08
TSMC5,0.2,0.13,0.1350,2.262368e-11,5.757345e-08
TSMC5,0.2,0.13,0.1400,2.683009e-11,6.293370e-08
TSMC5,0.2,0.13,0.1450,3.205969e-11,6.845671e-08
TSMC5,0.2,0.13,0.1500,3.831246e-11,7.417504e-08
TSMC5,0.2,0.13,0.1550,4.547474e-11,8.012395e-08
TSMC5,0.2,0.13,0.1600,5.400125e-11,8.632242e-08
TSMC5,0.2,0.13,0.1650,6.457412e-11,9.281929e-08
TSMC5,0.2,0.13,0.1700,7.787548e-11,9.963627e-08
TSMC5,0.2,0.13,0.1750,9.310952e-11,1.068140e-07
TSMC5,0.2,0.13,0.1800,1.109584e-10,1.143933e-07
TSMC5,0.2,0.13,0.1850,1.321041e-10,1.224120e-07
TSMC5,0.2,0.13,0.1900,1.576836e-10,1.309135e-07
TSMC5,0.2,0.13,0.1950,1.879243e-10,1.399658e-07
TSMC5,0.2,0.13,0.2000,2.241904e-10,1.496148e-07
TSMC5,0.2,0.13,0.2050,2.673914e-10,1.599393e-07
TSMC5,0.2,0.13,0.2100,3.187779e-10,1.710343e-07
TSMC5,0.2,0.13,0.2150,3.803962e-10,1.830190e-07
TSMC5,0.2,0.13,0.2200,4.537242e-10,1.960345e-07
TSMC5,0.2,0.13,0.2250,5.412630e-10,2.102790e-07
TSMC5,0.2,0.13,0.2300,6.456276e-10,2.259883e-07
TSMC5,0.2,0.13,0.2350,7.700010e-10,2.434691e-07
TSMC5,0.2,0.13,0.2400,9.184760e-10,2.631200e-07
TSMC5,0.2,0.13,0.2450,1.095486e-09,2.854079e-07
TSMC5,0.2,0.13,0.2500,1.306603e-09,3.109104e-07
TSMC5,0.2,0.13,0.2550,1.558533e-09,3.403249e-07
TSMC5,0.2,0.13,0.2600,1.858666e-09,3.744625e-07
TSMC5,0.2,0.13,0.2650,2.217007e-09,4.142701e-07
TSMC5,0.2,0.13,0.2700,2.644356e-09,4.608060e-07
TSMC5,0.2,0.13,0.2750,3.153787e-09,5.152803e-07
TSMC5,0.2,0.13,0.2800,3.761102e-09,5.789959e-07
TSMC5,0.2,0.13,0.2850,4.485514e-09,6.533451e-07
TSMC5,0.2,0.13,0.2900,5.348738e-09,7.398241e-07
TSMC5,0.2,0.13,0.2950,6.377945e-09,8.399729e-07
TSMC5,0.2,0.13,0.3000,7.604513e-09,9.553869e-07
TSMC5,0.2,0.13,0.3050,9.066298e-09,1.087644e-06
TSMC5,0.2,0.13,0.3100,1.080787e-08,1.238334e-06
TSMC5,0.2,0.13,0.3150,1.288231e-08,1.409009e-06
TSMC5,0.2,0.13,0.3200,1.535284e-08,1.601171e-06
TSMC5,0.2,0.13,0.3250,1.829358e-08,1.816302e-06
TSMC5,0.2,0.13,0.3300,2.179320e-08,2.055804e-06
TSMC5,0.2,0.13,0.3350,2.595630e-08,2.321089e-06
TSMC5,0.2,0.13,0.3400,3.090588e-08,2.613536e-06
TSMC5,0.2,0.13,0.3450,3.678724e-08,2.934547e-06
TSMC5,0.2,0.13,0.3500,4.377125e-08,3.285565e-06
TSMC5,0.2,0.13,0.3550,5.205857e-08,3.668053e-06
TSMC5,0.2,0.13,0.3600,6.188407e-08,4.083533e-06
TSMC5,0.2,0.13,0.3650,7.352207e-08,4.533546e-06
TSMC5,0.2,0.13,0.3700,8.729262e-08,5.019653e-06
TSMC5,0.2,0.13,0.3750,1.035670e-07,5.543368e-06
TSMC5,0.2,0.13,0.3800,1.227751e-07,6.106168e-06
TSMC5,0.2,0.13,0.3850,1.454126e-07,6.709378e-06
TSMC5,0.2,0.13,0.3900,1.720491e-07,7.354191e-06
TSMC5,0.2,0.13,0.3950,2.033358e-07,8.041633e-06
TSMC5,0.2,0.13,0.4000,2.400132e-07,8.772506e-06
TSMC5,0.2,0.13,0.4050,2.829171e-07,9.547364e-06
TSMC5,0.2,0.13,0.4100,3.329872e-07,1.036653e-05
TSMC5,0.2,0.13,0.4150,3.912687e-07,1.123008e-05
TSMC5,0.2,0.13,0.4200,4.589160e-07,1.213787e-05
TSMC5,0.2,0.13,0.4250,5.371916e-07,1.308952e-05
TSMC5,0.2,0.13,0.4300,6.274629e-07,1.408445e-05
TSMC5,0.2,0.13,0.4350,7.311950e-07,1.512189e-05
TSMC5,0.2,0.13,0.4400,8.499413e-07,1.620095e-05
TSMC5,0.2,0.13,0.4450,9.853312e-07,1.732059e-05
TSMC5,0.2,0.13,0.4500,1.139057e-06,1.847966e-05
TSMC5,0.2,0.13,0.4550,1.312853e-06,1.967702e-05
TSMC5,0.2,0.13,0.4600,1.508487e-06,2.091131e-05
TSMC5,0.2,0.13,0.4650,1.727735e-06,2.218131e-05
TSMC5,0.2,0.13,0.4700,1.972366e-06,2.348576e-05
TSMC5,0.2,0.13,0.4750,2.244129e-06,2.482329e-05
TSMC5,0.2,0.13,0.4800,2.544732e-06,2.619271e-05
TSMC5,0.2,0.13,0.4850,2.875830e-06,2.759276e-05
TSMC5,0.2,0.13,0.4900,3.239007e-06,2.902225e-05
TSMC5,0.2,0.13,0.4950,3.635765e-06,3.048003e-05
TSMC5,0.2,0.13,0.5000,4.067508e-06,3.196492e-05
TSMC5,0.2,0.13,0.5050,4.535532e-06,3.347596e-05
TSMC5,0.2,0.13,0.5100,5.041008e-06,3.501207e-05
TSMC5,0.2,0.13,0.5150,5.584973e-06,3.657239e-05
TSMC5,0.2,0.13,0.5200,6.168316e-06,3.815587e-05
TSMC5,0.2,0.13,0.5250,6.791769e-06,3.976170e-05
TSMC5,0.2,0.13,0.5300,7.455891e-06,4.138898e-05
TSMC5,0.2,0.13,0.5350,8.161065e-06,4.303698e-05
TSMC5,0.2,0.13,0.5400,8.907491e-06,4.470480e-05
TSMC5,0.2,0.13,0.5450,9.695173e-06,4.639174e-05
TSMC5,0.2,0.13,0.5500,1.052393e-05,4.809708e-05
TSMC5,0.2,0.13,0.5550,1.139339e-05,4.981999e-05
TSMC5,0.2,0.13,0.5600,1.230300e-05,5.155987e-05
TSMC5,0.2,0.13,0.5650,1.325204e-05,5.331599e-05
TSMC5,0.2,0.13,0.5700,1.423964e-05,5.508761e-05
TSMC5,0.2,0.13,0.5750,1.526480e-05,5.687410e-05
TSMC5,0.2,0.13,0.5800,1.632641e-05,5.867476e-05
TSMC5,0.2,0.13,0.5850,1.742328e-05,6.048886e-05
TSMC5,0.2,0.13,0.5900,1.853736e-05,6.231588e-05
TSMC5,0.2,0.13,0.5950,1.970163e-05,6.415503e-05
TSMC5,0.2,0.13,0.6000,2.089736e-05,6.600569e-05
TSMC5,0.2,0.13,0.6050,2.212328e-05,6.786712e-05
TSMC5,0.2,0.13,0.6100,2.337815e-05,6.973879e-05
TSMC5,0.2,0.13,0.6150,2.466076e-05,7.162000e-05
TSMC5,0.2,0.13,0.6200,2.596998e-05,7.351007e-05
TSMC5,0.2,0.13,0.6250,2.730472e-05,7.540838e-05
TSMC5,0.2,0.13,0.6300,2.866395e-05,7.731427e-05
TSMC5,0.2,0.13,0.6350,3.004668e-05,7.922711e-05
TSMC5,0.2,0.13,0.6400,3.145200e-05,8.114629e-05
TSMC5,0.2,0.13,0.6450,3.287903e-05,8.307116e-05
TSMC5,0.2,0.13,0.6500,3.432696e-05,8.307116e-05
TSMC7,0.0,0.0,0.0000,3.599325e-10,3.421597e-08
TSMC7,0.0,0.0,0.0050,4.272351e-10,3.330383e-08
TSMC7,0.0,0.0,0.0100,5.077254e-10,3.234893e-08
TSMC7,0.0,0.0,0.0150,6.039045e-10,3.125151e-08
TSMC7,0.0,0.0,0.0200,7.188419e-10,3.004008e-08
TSMC7,0.0,0.0,0.0250,8.560619e-10,2.864337e-08
TSMC7,0.0,0.0,0.0300,1.020226e-09,2.717539e-08
TSMC7,0.0,0.0,0.0350,1.216335e-09,2.552214e-08
TSMC7,0.0,0.0,0.0400,1.450303e-09,2.371211e-08
TSMC7,0.0,0.0,0.0450,1.730086e-09,2.177382e-08
TSMC7,0.0,0.0,0.0500,2.063985e-09,1.963599e-08
TSMC7,0.0,0.0,0.0550,2.462912e-09,1.736990e-08
TSMC7,0.0,0.0,0.0600,2.938918e-09,1.490427e-08
TSMC7,0.0,0.0,0.0650,3.507694e-09,1.238164e-08
TSMC7,0.0,0.0,0.0700,4.186063e-09,9.730735e-09
TSMC7,0.0,0.0,0.0750,4.996082e-09,6.980067e-09
TSMC7,0.0,0.0,0.0800,5.962761e-09,4.286406e-09
TSMC7,0.0,0.0,0.0850,7.116000e-09,1.549990e-09
TSMC7,0.0,0.0,0.0900,8.491384e-09,4.342698e-24
TSMC7,0.0,0.0,0.0950,1.013154e-08,0.000000e+00
TSMC7,0.0,0.0,0.1000,1.208628e-08,0.000000e+00
TSMC7,0.0,0.0,0.1050,1.441560e-08,0.000000e+00
TSMC7,0.0,0.0,0.1100,1.718968e-08,0.000000e+00
TSMC7,0.0,0.0,0.1150,2.049160e-08,0.000000e+00
TSMC7,0.0,0.0,0.1200,2.441993e-08,0.000000e+00
TSMC7,0.0,0.0,0.1250,2.908996e-08,0.000000e+00
TSMC7,0.0,0.0,0.1300,3.463776e-08,0.000000e+00
TSMC7,0.0,0.0,0.1350,4.122296e-08,0.000000e+00
TSMC7,0.0,0.0,0.1400,4.903268e-08,4.913502e-09
TSMC7,0.0,0.0,0.1450,5.828485e-08,1.243865e-08
TSMC7,0.0,0.0,0.1500,6.923483e-08,2.213012e-08
TSMC7,0.0,0.0,0.1550,8.217944e-08,3.424447e-08
TSMC7,0.0,0.0,0.1600,9.746191e-08,4.908098e-08
TSMC7,0.0,0.0,0.1650,1.154816e-07,6.688195e-08
TSMC7,0.0,0.0,0.1700,1.366975e-07,8.806070e-08
TSMC7,0.0,0.0,0.1750,1.616372e-07,1.128595e-07
TSMC7,0.0,0.0,0.1800,1.909035e-07,1.416917e-07
TSMC7,0.0,0.0,0.1850,2.251810e-07,1.748566e-07
TSMC7,0.0,0.0,0.1900,2.652414e-07,2.128674e-07
TSMC7,0.0,0.0,0.1950,3.119486e-07,2.560946e-07
TSMC7,0.0,0.0,0.2000,3.662609e-07,3.050371e-07
TSMC7,0.0,0.0,0.2050,4.292309e-07,3.602795e-07
TSMC7,0.0,0.0,0.2100,5.020047e-07,4.223776e-07
TSMC7,0.0,0.0,0.2150,5.858165e-07,4.920872e-07
TSMC7,0.0,0.0,0.2200,6.819834e-07,5.701497e-07
TSMC7,0.0,0.0,0.2250,7.918954e-07,6.574350e-07
TSMC7,0.0,0.0,0.2300,9.170075e-07,7.548988e-07
TSMC7,0.0,0.0,0.2350,1.058825e-06,8.635967e-07
TSMC7,0.0,0.0,0.2400,1.218896e-06,9.846704e-07
TSMC7,0.0,0.0,0.2450,1.398793e-06,1.119305e-06
TSMC7,0.0,0.0,0.2500,1.600104e-06,1.268885e-06
TSMC7,0.0,0.0,0.2550,1.824418e-06,1.434641e-06
TSMC7,0.0,0.0,0.2600,2.073312e-06,1.618132e-06
TSMC7,0.0,0.0,0.2650,2.348337e-06,1.820718e-06
TSMC7,0.0,0.0,0.2700,2.651011e-06,2.043934e-06
TSMC7,0.0,0.0,0.2750,2.982798e-06,2.289261e-06
TSMC7,0.0,0.0,0.2800,3.345106e-06,2.558183e-06
TSMC7,0.0,0.0,0.2850,3.739269e-06,2.852219e-06
TSMC7,0.0,0.0,0.2900,4.166540e-06,3.172808e-06
TSMC7,0.0,0.0,0.2950,4.628078e-06,3.521369e-06
TSMC7,0.0,0.0,0.3000,5.124939e-06,3.899300e-06
TSMC7,0.0,0.0,0.3050,5.658064e-06,4.307856e-06
TSMC7,0.0,0.0,0.3100,6.228273e-06,4.748221e-06
TSMC7,0.0,0.0,0.3150,6.836252e-06,5.221593e-06
TSMC7,0.0,0.0,0.3200,7.482544e-06,5.728819e-06
TSMC7,0.0,0.0,0.3250,8.167544e-06,6.270856e-06
TSMC7,0.0,0.0,0.3300,8.891489e-06,6.848440e-06
TSMC7,0.0,0.0,0.3350,9.654451e-06,7.462051e-06
TSMC7,0.0,0.0,0.3400,1.045634e-05,8.112158e-06
TSMC7,0.0,0.0,0.3450,1.129689e-05,8.799019e-06
TSMC7,0.0,0.0,0.3500,1.217568e-05,9.522670e-06
TSMC7,0.0,0.0,0.3550,1.309212e-05,1.028307e-05
TSMC7,0.0,0.0,0.3600,1.404548e-05,1.107994e-05
TSMC7,0.0,0.0,0.3650,1.503486e-05,1.191297e-05
TSMC7,0.0,0.0,0.3700,1.605929e-05,1.278156e-05
TSMC7,0.0,0.0,0.3750,1.710089e-05,1.368513e-05
TSMC7,0.0,0.0,0.3800,1.819264e-05,1.462286e-05
TSMC7,0.0,0.0,0.3850,1.931597e-05,1.559402e-05
TSMC7,0.0,0.0,0.3900,2.046963e-05,1.659758e-05
TSMC7,0.0,0.0,0.3950,2.165237e-05,1.763262e-05
TSMC7,0.0,0.0,0.4000,2.286294e-05,1.869807e-05
TSMC7,0.0,0.0,0.4050,2.410017e-05,1.979285e-05
TSMC7,0.0,0.0,0.4100,2.536291e-05,2.091588e-05
TSMC7,0.0,0.0,0.4150,2.665007e-05,2.206609e-05
TSMC7,0.0,0.0,0.4200,2.796064e-05,2.324242e-05
TSMC7,0.0,0.0,0.4250,2.929367e-05,2.444370e-05
TSMC7,0.0,0.0,0.4300,3.064827e-05,2.566899e-05
TSMC7,0.0,0.0,0.4350,3.202363e-05,2.691714e-05
TSMC7,0.0,0.0,0.4400,3.341896e-05,2.818718e-05
TSMC7,0.0,0.0,0.4450,3.483354e-05,2.947821e-05
TSMC7,0.0,0.0,0.4500,3.626670e-05,3.078924e-05
TSMC7,0.0,0.0,0.4550,3.771779e-05,3.211936e-05
TSMC7,0.0,0.0,0.4600,3.918621e-05,3.346777e-05
TSMC7,0.0,0.0,0.4650,4.067136e-05,3.483356e-05
TSMC7,0.0,0.0,0.4700,4.217269e-05,3.621604e-05
TSMC7,0.0,0.0,0.4750,4.368966e-05,3.761443e-05
TSMC7,0.0,0.0,0.4800,4.522175e-05,3.902800e-05
TSMC7,0.0,0.0,0.4850,4.676844e-05,4.045614e-05
TSMC7,0.0,0.0,0.4900,4.832923e-05,4.189808e-05
TSMC7,0.0,0.0,0.4950,4.990365e-05,4.335335e-05
TSMC7,0.0,0.0,0.5000,5.149122e-05,4.482129e-05
TSMC7,0.0,0.0,0.5050,5.309146e-05,4.630132e-05
TSMC7,0.0,0.0,0.5100,5.470392e-05,4.779294e-05
TSMC7,0.0,0.0,0.5150,5.632814e-05,4.929565e-05
TSMC7,0.0,0.0,0.5200,5.796369e-05,5.080884e-05
TSMC7,0.0,0.0,0.5250,5.961012e-05,5.233215e-05
TSMC7,0.0,0.0,0.5300,6.126700e-05,5.386507e-05
TSMC7,0.0,0.0,0.5350,6.293392e-05,5.540717e-05
TSMC7,0.0,0.0,0.5400,6.461044e-05,5.695803e-05
TSMC7,0.0,0.0,0.5450,6.629616e-05,5.851712e-05
TSMC7,0.0,0.0,0.5500,6.799067e-05,6.008424e-05
TSMC7,0.0,0.0,0.5550,6.969357e-05,6.165877e-05
TSMC7,0.0,0.0,0.5600,7.140447e-05,6.324045e-05
TSMC7,0.0,0.0,0.5650,7.312298e-05,6.482892e-05
TSMC7,0.0,0.0,0.5700,7.484871e-05,6.642370e-05
TSMC7,0.0,0.0,0.5750,7.658129e-05,6.802454e-05
TSMC7,0.0,0.0,0.5800,7.832036e-05,6.963104e-05
TSMC7,0.0,0.0,0.5850,8.006553e-05,7.124293e-05
TSMC7,0.0,0.0,0.5900,8.181646e-05,7.285975e-05
TSMC7,0.0,0.0,0.5950,8.357279e-05,7.448125e-05
TSMC7,0.0,0.0,0.6000,8.533416e-05,7.610713e-05
TSMC7,0.0,0.0,0.6050,8.710024e-05,7.773704e-05
TSMC7,0.0,0.0,0.6100,8.887068e-05,7.937069e-05
TSMC7,0.0,0.0,0.6150,9.064516e-05,8.100772e-05
TSMC7,0.0,0.0,0.6200,9.242333e-05,8.264791e-05
TSMC7,0.0,0.0,0.6250,9.420489e-05,8.429086e-05
TSMC7,0.0,0.0,0.6300,9.598950e-05,8.593648e-05
TSMC7,0.0,0.0,0.6350,9.777686e-05,8.758427e-05
TSMC7,0.0,0.0,0.6400,9.956665e-05,8.923411e-05
TSMC7,0.0,0.0,0.6450,1.013586e-04,9.088563e-05
TSMC7,0.0,0.0,0.6500,1.031523e-04,9.253866e-05
TSMC7,0.0,0.0,0.6550,1.049476e-04,9.419293e-05
TSMC7,0.0,0.0,0.6600,1.067441e-04,9.584808e-05
TSMC7,0.0,0.0,0.6650,1.085415e-04,9.750390e-05
TSMC7,0.0,0.0,0.6700,1.103397e-04,9.916016e-05
TSMC7,0.0,0.0,0.6750,1.121382e-04,1.008166e-04
TSMC7,0.0,0.0,0.6800,1.139368e-04,1.024730e-04
TSMC7,0.0,0.0,0.6850,1.157352e-04,1.041291e-04
TSMC7,0.0,0.0,0.6900,1.175332e-04,1.057846e-04
TSMC7,0.0,0.0,0.6950,1.193305e-04,1.074393e-04
TSMC7,0.0,0.0,0.7000,1.211269e-04,1.090931e-04
TSMC7,0.0,0.0,0.7050,1.229220e-04,1.107456e-04
TSMC7,0.0,0.0,0.7100,1.247156e-04,1.123965e-04
TSMC7,0.0,0.0,0.7150,1.265076e-04,1.140458e-04
TSMC7,0.0,0.0,0.7200,1.282975e-04,1.156932e-04
TSMC7,0.0,0.0,0.7250,1.300852e-04,1.173383e-04
TSMC7,0.0,0.0,0.7300,1.318705e-04,1.189812e-04
TSMC7,0.0,0.0,0.7350,1.336531e-04,1.206213e-04
TSMC7,0.0,0.0,0.7400,1.354327e-04,1.222586e-04
TSMC7,0.0,0.0,0.7450,1.372092e-04,1.238928e-04
TSMC7,0.0,0.0,0.7500,1.389823e-04,1.238928e-04
TSMC7,0.1,0.075,0.0000,3.547029e-11,3.318980e-08
TSMC7,0.1,0.075,0.0050,3.933565e-11,3.229191e-08
TSMC7,0.1,0.075,0.0100,4.433787e-11,3.130851e-08
TSMC7,0.1,0.075,0.0150,5.047696e-11,3.021110e-08
TSMC7,0.1,0.075,0.0200,5.775291e-11,2.898541e-08
TSMC7,0.1,0.075,0.0250,6.639311e-11,2.761720e-08
TSMC7,0.1,0.075,0.0300,7.685230e-11,2.613498e-08
TSMC7,0.1,0.075,0.0350,9.072210e-11,2.448173e-08
TSMC7,0.1,0.075,0.0400,1.058424e-10,2.268595e-08
TSMC7,0.1,0.075,0.0450,1.240323e-10,2.070490e-08
TSMC7,0.1,0.075,0.0500,1.460876e-10,1.860983e-08
TSMC7,0.1,0.075,0.0550,1.723492e-10,1.630098e-08
TSMC7,0.1,0.075,0.0600,2.033858e-10,1.387811e-08
TSMC7,0.1,0.075,0.0650,2.411298e-10,1.132698e-08
TSMC7,0.1,0.075,0.0700,2.856950e-10,8.676073e-09
TSMC7,0.1,0.075,0.0750,3.393552e-10,5.953909e-09
TSMC7,0.1,0.075,0.0800,4.031335e-10,3.231745e-09
TSMC7,0.1,0.075,0.0850,4.798721e-10,5.238334e-10
TSMC7,0.1,0.075,0.0900,5.709353e-10,1.447566e-24
TSMC7,0.1,0.075,0.0950,6.801883e-10,0.000000e+00
TSMC7,0.1,0.075,0.1000,8.108145e-10,0.000000e+00
TSMC7,0.1,0.075,0.1050,9.664518e-10,0.000000e+00
TSMC7,0.1,0.075,0.1100,1.152785e-09,0.000000e+00
TSMC7,0.1,0.075,0.1150,1.375042e-09,0.000000e+00
TSMC7,0.1,0.075,0.1200,1.640728e-09,0.000000e+00
TSMC7,0.1,0.075,0.1250,1.958028e-09,0.000000e+00
TSMC7,0.1,0.075,0.1300,2.336719e-09,0.000000e+00
TSMC7,0.1,0.075,0.1350,2.789307e-09,0.000000e+00
TSMC7,0.1,0.075,0.1400,3.329319e-09,3.858840e-09
TSMC7,0.1,0.075,0.1450,3.974151e-09,1.138398e-08
TSMC7,0.1,0.075,0.1500,4.743697e-09,2.107546e-08
TSMC7,0.1,0.075,0.1550,5.662173e-09,3.320405e-08
TSMC7,0.1,0.075,0.1600,6.758000e-09,4.805481e-08
TSMC7,0.1,0.075,0.1650,8.065399e-09,6.588428e-08
TSMC7,0.1,0.075,0.1700,9.624500e-09,8.702026e-08
TSMC7,0.1,0.075,0.1750,1.148305e-08,1.118476e-07
TSMC7,0.1,0.075,0.1800,1.369813e-08,1.406655e-07
TSMC7,0.1,0.075,0.1850,1.633703e-08,1.738732e-07
TSMC7,0.1,0.075,0.1900,1.947899e-08,2.118269e-07
TSMC7,0.1,0.075,0.1950,2.321826e-08,2.550826e-07
TSMC7,0.1,0.075,0.2000,2.766524e-08,3.040109e-07
TSMC7,0.1,0.075,0.2050,3.295077e-08,3.592532e-07
TSMC7,0.1,0.075,0.2100,3.922753e-08,4.213513e-07
TSMC7,0.1,0.075,0.2150,4.667538e-08,4.911037e-07
TSMC7,0.1,0.075,0.2200,5.550464e-08,5.691234e-07
TSMC7,0.1,0.075,0.2250,6.596065e-08,6.564086e-07
TSMC7,0.1,0.075,0.2300,7.832966e-08,7.539008e-07
TSMC7,0.1,0.075,0.2350,9.294422e-08,8.626129e-07
TSMC7,0.1,0.075,0.2400,1.101893e-07,9.836866e-07
TSMC7,0.1,0.075,0.2450,1.305098e-07,1.118321e-06
TSMC7,0.1,0.075,0.2500,1.544169e-07,1.267887e-06
TSMC7,0.1,0.075,0.2550,1.824949e-07,1.433657e-06
TSMC7,0.1,0.075,0.2600,2.154097e-07,1.617134e-06
TSMC7,0.1,0.075,0.2650,2.539113e-07,1.819776e-06
TSMC7,0.1,0.075,0.2700,2.988409e-07,2.042978e-06
TSMC7,0.1,0.075,0.2750,3.511335e-07,2.288291e-06
TSMC7,0.1,0.075,0.2800,4.118174e-07,2.557227e-06
TSMC7,0.1,0.075,0.2850,4.820142e-07,2.851263e-06
TSMC7,0.1,0.075,0.2900,5.629339e-07,3.171866e-06
TSMC7,0.1,0.075,0.2950,6.558705e-07,3.520440e-06
TSMC7,0.1,0.075,0.3000,7.621917e-07,3.898356e-06
TSMC7,0.1,0.075,0.3050,8.833315e-07,4.306898e-06
TSMC7,0.1,0.075,0.3100,1.020778e-06,4.747304e-06
TSMC7,0.1,0.075,0.3150,1.176062e-06,5.220633e-06
TSMC7,0.1,0.075,0.3200,1.350744e-06,5.727901e-06
TSMC7,0.1,0.075,0.3250,1.546401e-06,6.269922e-06
TSMC7,0.1,0.075,0.3300,1.764614e-06,6.847477e-06
TSMC7,0.1,0.075,0.3350,2.006955e-06,7.461115e-06
TSMC7,0.1,0.075,0.3400,2.274974e-06,8.111220e-06
TSMC7,0.1,0.075,0.3450,2.570188e-06,8.798065e-06
TSMC7,0.1,0.075,0.3500,2.894068e-06,9.521743e-06
TSMC7,0.1,0.075,0.3550,3.248026e-06,1.028211e-05
TSMC7,0.1,0.075,0.3600,3.633407e-06,1.107901e-05
TSMC7,0.1,0.075,0.3650,4.051474e-06,1.191199e-05
TSMC7,0.1,0.075,0.3700,4.503401e-06,1.278059e-05
TSMC7,0.1,0.075,0.3750,4.990260e-06,1.368412e-05
TSMC7,0.1,0.075,0.3800,5.513012e-06,1.462192e-05
TSMC7,0.1,0.075,0.3850,6.072498e-06,1.559300e-05
TSMC7,0.1,0.075,0.3900,6.669427e-06,1.659655e-05
TSMC7,0.1,0.075,0.3950,7.304368e-06,1.763158e-05
TSMC7,0.1,0.075,0.4000,7.977744e-06,1.869703e-05
TSMC7,0.1,0.075,0.4050,8.689822e-06,1.979179e-05
TSMC7,0.1,0.075,0.4100,9.440708e-06,2.091475e-05
TSMC7,0.1,0.075,0.4150,1.023034e-05,2.206500e-05
TSMC7,0.1,0.075,0.4200,1.105850e-05,2.324128e-05
TSMC7,0.1,0.075,0.4250,1.192480e-05,2.444257e-05
TSMC7,0.1,0.075,0.4300,1.282867e-05,2.566783e-05
TSMC7,0.1,0.075,0.4350,1.376944e-05,2.691597e-05
TSMC7,0.1,0.075,0.4400,1.474624e-05,2.818600e-05
TSMC7,0.1,0.075,0.4450,1.575813e-05,2.947698e-05
TSMC7,0.1,0.075,0.4500,1.680404e-05,3.078796e-05
TSMC7,0.1,0.075,0.4550,1.786659e-05,3.211806e-05
TSMC7,0.1,0.075,0.4600,1.897767e-05,3.346644e-05
TSMC7,0.1,0.075,0.4650,2.011923e-05,3.483222e-05
TSMC7,0.1,0.075,0.4700,2.129002e-05,3.621466e-05
TSMC7,0.1,0.075,0.4750,2.248882e-05,3.761298e-05
TSMC7,0.1,0.075,0.4800,2.371444e-05,3.902653e-05
TSMC7,0.1,0.075,0.4850,2.496574e-05,4.045466e-05
TSMC7,0.1,0.075,0.4900,2.624162e-05,4.189661e-05
TSMC7,0.1,0.075,0.4950,2.754108e-05,4.335182e-05
TSMC7,0.1,0.075,0.5000,2.886314e-05,4.481970e-05
TSMC7,0.1,0.075,0.5050,3.020692e-05,4.629971e-05
TSMC7,0.1,0.075,0.5100,3.157156e-05,4.779129e-05
TSMC7,0.1,0.075,0.5150,3.295630e-05,4.929393e-05
TSMC7,0.1,0.075,0.5200,3.436040e-05,5.080713e-05
TSMC7,0.1,0.075,0.5250,3.578316e-05,5.233042e-05
TSMC7,0.1,0.075,0.5300,3.722394e-05,5.386325e-05
TSMC7,0.1,0.075,0.5350,3.868212e-05,5.540535e-05
TSMC7,0.1,0.075,0.5400,4.015709e-05,5.695610e-05
TSMC7,0.1,0.075,0.5450,4.164830e-05,5.851523e-05
TSMC7,0.1,0.075,0.5500,4.315520e-05,6.008225e-05
TSMC7,0.1,0.075,0.5550,4.467725e-05,6.165676e-05
TSMC7,0.1,0.075,0.5600,4.621395e-05,6.323837e-05
TSMC7,0.1,0.075,0.5650,4.776478e-05,6.482681e-05
TSMC7,0.1,0.075,0.5700,4.932926e-05,6.642154e-05
TSMC7,0.1,0.075,0.5750,5.090690e-05,6.802233e-05
TSMC7,0.1,0.075,0.5800,5.249724e-05,6.962880e-05
TSMC7,0.1,0.075,0.5850,5.409981e-05,7.124061e-05
TSMC7,0.1,0.075,0.5900,5.571415e-05,7.285742e-05
TSMC7,0.1,0.075,0.5950,5.733982e-05,7.447890e-05
TSMC7,0.1,0.075,0.6000,5.897638e-05,7.610470e-05
TSMC7,0.1,0.075,0.6050,6.062339e-05,7.773457e-05
TSMC7,0.1,0.075,0.6100,6.228042e-05,7.936812e-05
TSMC7,0.1,0.075,0.6150,6.394706e-05,8.100516e-05
TSMC7,0.1,0.075,0.6200,6.562289e-05,8.264531e-05
TSMC7,0.1,0.075,0.6250,6.730750e-05,8.428820e-05
TSMC7,0.1,0.075,0.6300,6.900049e-05,8.593371e-05
TSMC7,0.1,0.075,0.6350,7.070146e-05,8.758154e-05
TSMC7,0.1,0.075,0.6400,7.241003e-05,8.923129e-05
TSMC7,0.1,0.075,0.6450,7.412580e-05,9.088275e-05
TSMC7,0.1,0.075,0.6500,7.584841e-05,9.253574e-05
TSMC7,0.1,0.075,0.6550,7.757748e-05,9.418992e-05
TSMC7,0.1,0.075,0.6600,7.931263e-05,9.584503e-05
TSMC7,0.1,0.075,0.6650,8.105352e-05,9.750084e-05
TSMC7,0.1,0.075,0.6700,8.279978e-05,9.915706e-05
TSMC7,0.1,0.075,0.6750,8.455107e-05,1.008134e-04
TSMC7,0.1,0.075,0.6800,8.630703e-05,1.024698e-04
TSMC7,0.1,0.075,0.6850,8.806734e-05,1.041258e-04
TSMC7,0.1,0.075,0.6900,8.983165e-05,1.057812e-04
TSMC7,0.1,0.075,0.6950,9.159963e-05,1.074359e-04
TSMC7,0.1,0.075,0.7000,9.337097e-05,1.090896e-04
TSMC7,0.1,0.075,0.7050,9.514534e-05,1.107420e-04
TSMC7,0.1,0.075,0.7100,9.692242e-05,1.123930e-04
TSMC7,0.1,0.075,0.7150,9.870191e-05,1.140422e-04
TSMC7,0.1,0.075,0.7200,1.004835e-04,1.156895e-04
TSMC7,0.1,0.075,0.7250,1.022669e-04,1.173346e-04
TSMC7,0.1,0.075,0.7300,1.040518e-04,1.189774e-04
TSMC7,0.1,0.075,0.7350,1.058379e-04,1.206175e-04
TSMC7,0.1,0.075,0.7400,1.076249e-04,1.222546e-04
TSMC7,0.1,0.075,0.7450,1.094126e-04,1.238888e-04
TSMC7,0.1,0.075,0.7500,1.112006e-04,1.238888e-04
TSMC7,0.2,0.15,0.0000,1.421085e-11,3.318976e-08
TSMC7,0.2,0.15,0.0050,1.421085e-11,3.229187e-08
TSMC7,0.2,0.15,0.0100,1.432454e-11,3.130847e-08
TSMC7,0.2,0.15,0.0150,1.455192e-11,3.021106e-08
TSMC7,0.2,0.15,0.0200,1.477929e-11,2.898537e-08
TSMC7,0.2,0.15,0.0250,1.512035e-11,2.761717e-08
TSMC7,0.2,0.15,0.0300,1.568878e-11,2.613494e-08
TSMC7,0.2,0.15,0.0350,1.637090e-11,2.448169e-08
TSMC7,0.2,0.15,0.0400,1.693934e-11,2.268592e-08
TSMC7,0.2,0.15,0.0450,1.807621e-11,2.070487e-08
TSMC7,0.2,0.15,0.0500,1.944045e-11,1.860981e-08
TSMC7,0.2,0.15,0.0550,2.091838e-11,1.630096e-08
TSMC7,0.2,0.15,0.0600,2.262368e-11,1.387810e-08
TSMC7,0.2,0.15,0.0650,2.478373e-11,1.132696e-08
TSMC7,0.2,0.15,0.0700,2.773959e-11,8.676061e-09
TSMC7,0.2,0.15,0.0750,3.103651e-11,5.953901e-09
TSMC7,0.2,0.15,0.0800,3.490186e-11,3.231741e-09
TSMC7,0.2,0.15,0.0850,3.990408e-11,5.238327e-10
TSMC7,0.2,0.15,0.0900,4.558842e-11,1.447566e-24
TSMC7,0.2,0.15,0.0950,5.252332e-11,0.000000e+00
TSMC7,0.2,0.15,0.1000,6.070877e-11,0.000000e+00
TSMC7,0.2,0.15,0.1050,7.082690e-11,0.000000e+00
TSMC7,0.2,0.15,0.1100,8.287770e-11,0.000000e+00
TSMC7,0.2,0.15,0.1150,9.833911e-11,0.000000e+00
TSMC7,0.2,0.15,0.1200,1.157332e-10,0.000000e+00
TSMC7,0.2,0.15,0.1250,1.365379e-10,0.000000e+00
TSMC7,0.2,0.15,0.1300,1.615490e-10,0.000000e+00
TSMC7,0.2,0.15,0.1350,1.911076e-10,0.000000e+00
TSMC7,0.2,0.15,0.1400,2.266916e-10,3.858835e-09
TSMC7,0.2,0.15,0.1450,2.693241e-10,1.138397e-08
TSMC7,0.2,0.15,0.1500,3.202558e-10,2.107543e-08
TSMC7,0.2,0.15,0.1550,3.809646e-10,3.320401e-08
TSMC7,0.2,0.15,0.1600,4.536105e-10,4.805475e-08
TSMC7,0.2,0.15,0.1650,5.404672e-10,6.588420e-08
TSMC7,0.2,0.15,0.1700,6.443770e-10,8.702015e-08
TSMC7,0.2,0.15,0.1750,7.682956e-10,1.118474e-07
TSMC7,0.2,0.15,0.1800,9.164296e-10,1.406653e-07
TSMC7,0.2,0.15,0.1850,1.093213e-09,1.738730e-07
TSMC7,0.2,0.15,0.1900,1.304556e-09,2.118267e-07
TSMC7,0.2,0.15,0.1950,1.556714e-09,2.550823e-07
TSMC7,0.2,0.15,0.2000,1.858325e-09,3.040105e-07
TSMC7,0.2,0.15,0.2050,2.218258e-09,3.592527e-07
TSMC7,0.2,0.15,0.2100,2.648108e-09,4.213508e-07
TSMC7,0.2,0.15,0.2150,3.161404e-09,4.911030e-07
TSMC7,0.2,0.15,0.2200,3.774176e-09,5.691226e-07
TSMC7,0.2,0.15,0.2250,4.505637e-09,6.564078e-07
TSMC7,0.2,0.15,0.2300,5.378752e-09,7.538998e-07
TSMC7,0.2,0.15,0.2350,6.420578e-09,8.626118e-07
TSMC7,0.2,0.15,0.2400,7.663516e-09,9.836853e-07
TSMC7,0.2,0.15,0.2450,9.145879e-09,1.118319e-06
TSMC7,0.2,0.15,0.2500,1.091405e-08,1.267885e-06
TSMC7,0.2,0.15,0.2550,1.302124e-08,1.433656e-06
TSMC7,0.2,0.15,0.2600,1.553212e-08,1.617131e-06
TSMC7,0.2,0.15,0.2650,1.852288e-08,1.819774e-06
TSMC7,0.2,0.15,0.2700,2.208321e-08,2.042976e-06
TSMC7,0.2,0.15,0.2750,2.631919e-08,2.288288e-06
TSMC7,0.2,0.15,0.2800,3.135585e-08,2.557224e-06
TSMC7,0.2,0.15,0.2850,3.734033e-08,2.851259e-06
TSMC7,0.2,0.15,0.2900,4.444496e-08,3.171861e-06
TSMC7,0.2,0.15,0.2950,5.287245e-08,3.520435e-06
TSMC7,0.2,0.15,0.3000,6.285927e-08,3.898351e-06
TSMC7,0.2,0.15,0.3050,7.468134e-08,4.306892e-06
TSMC7,0.2,0.15,0.3100,8.865993e-08,4.747298e-06
TSMC7,0.2,0.15,0.3150,1.051674e-07,5.220626e-06
TSMC7,0.2,0.15,0.3200,1.246343e-07,5.727894e-06
TSMC7,0.2,0.15,0.3250,1.475562e-07,6.269914e-06
TSMC7,0.2,0.15,0.3300,1.745002e-07,6.847468e-06
TSMC7,0.2,0.15,0.3350,2.061123e-07,7.461105e-06
TSMC7,0.2,0.15,0.3400,2.431225e-07,8.111210e-06
TSMC7,0.2,0.15,0.3450,2.863504e-07,8.798053e-06
TSMC7,0.2,0.15,0.3500,3.367072e-07,9.521730e-06
TSMC7,0.2,0.15,0.3550,3.951980e-07,1.028210e-05
TSMC7,0.2,0.15,0.3600,4.629198e-07,1.107899e-05
TSMC7,0.2,0.15,0.3650,5.410586e-07,1.191197e-05
TSMC7,0.2,0.15,0.3700,6.308849e-07,1.278057e-05
TSMC7,0.2,0.15,0.3750,7.337445e-07,1.368410e-05
TSMC7,0.2,0.15,0.3800,8.510503e-07,1.462190e-05
TSMC7,0.2,0.15,0.3850,9.842726e-07,1.559298e-05
TSMC7,0.2,0.15,0.3900,1.134924e-06,1.659653e-05
TSMC7,0.2,0.15,0.3950,1.304551e-06,1.763155e-05
TSMC7,0.2,0.15,0.4000,1.494719e-06,1.869701e-05
TSMC7,0.2,0.15,0.4050,1.707001e-06,1.979177e-05
TSMC7,0.2,0.15,0.4100,1.942962e-06,2.091472e-05
TSMC7,0.2,0.15,0.4150,2.204149e-06,2.206497e-05
TSMC7,0.2,0.15,0.4200,2.492078e-06,2.324125e-05
TSMC7,0.2,0.15,0.4250,2.808221e-06,2.444254e-05
TSMC7,0.2,0.15,0.4300,3.153995e-06,2.566779e-05
TSMC7,0.2,0.15,0.4350,3.530752e-06,2.691593e-05
TSMC7,0.2,0.15,0.4400,3.939765e-06,2.818596e-05
TSMC7,0.2,0.15,0.4450,4.382218e-06,2.947694e-05
TSMC7,0.2,0.15,0.4500,4.859198e-06,3.078792e-05
TSMC7,0.2,0.15,0.4550,5.371681e-06,3.211802e-05
TSMC7,0.2,0.15,0.4600,5.920528e-06,3.346640e-05
TSMC7,0.2,0.15,0.4650,6.506466e-06,3.483217e-05
TSMC7,0.2,0.15,0.4700,7.130090e-06,3.621462e-05
TSMC7,0.2,0.15,0.4750,7.791845e-06,3.761294e-05
TSMC7,0.2,0.15,0.4800,8.492026e-06,3.902648e-05
TSMC7,0.2,0.15,0.4850,9.230770e-06,4.045461e-05
TSMC7,0.2,0.15,0.4900,1.000805e-05,4.189655e-05
TSMC7,0.2,0.15,0.4950,1.082367e-05,4.335177e-05
TSMC7,0.2,0.15,0.5000,1.167729e-05,4.481964e-05
TSMC7,0.2,0.15,0.5050,1.256838e-05,4.629965e-05
TSMC7,0.2,0.15,0.5100,1.349629e-05,4.779123e-05
TSMC7,0.2,0.15,0.5150,1.446021e-05,4.929386e-05
TSMC7,0.2,0.15,0.5200,1.545922e-05,5.080707e-05
TSMC7,0.2,0.15,0.5250,1.649228e-05,5.233035e-05
TSMC7,0.2,0.15,0.5300,1.754201e-05,5.386318e-05
TSMC7,0.2,0.15,0.5350,1.864040e-05,5.540528e-05
TSMC7,0.2,0.15,0.5400,1.976939e-05,5.695603e-05
TSMC7,0.2,0.15,0.5450,2.092773e-05,5.851515e-05
TSMC7,0.2,0.15,0.5500,2.211424e-05,6.008217e-05
TSMC7,0.2,0.15,0.5550,2.332771e-05,6.165668e-05
TSMC7,0.2,0.15,0.5600,2.456700e-05,6.323829e-05
TSMC7,0.2,0.15,0.5650,2.583103e-05,6.482673e-05
TSMC7,0.2,0.15,0.5700,2.711877e-05,6.642146e-05
TSMC7,0.2,0.15,0.5750,2.842923e-05,6.802225e-05
TSMC7,0.2,0.15,0.5800,2.976153e-05,6.962871e-05
TSMC7,0.2,0.15,0.5850,3.111480e-05,7.124052e-05
TSMC7,0.2,0.15,0.5900,3.248825e-05,7.285733e-05
TSMC7,0.2,0.15,0.5950,3.388113e-05,7.447880e-05
TSMC7,0.2,0.15,0.6000,3.529274e-05,7.610460e-05
TSMC7,0.2,0.15,0.6050,3.672242e-05,7.773447e-05
TSMC7,0.2,0.15,0.6100,3.816953e-05,7.936801e-05
TSMC7,0.2,0.15,0.6150,3.963347e-05,8.100505e-05
TSMC7,0.2,0.15,0.6200,4.111366e-05,8.264521e-05
TSMC7,0.2,0.15,0.6250,4.260955e-05,8.428809e-05
TSMC7,0.2,0.15,0.6300,4.412060e-05,8.593360e-05
TSMC7,0.2,0.15,0.6350,4.564628e-05,8.758142e-05
TSMC7,0.2,0.15,0.6400,4.718609e-05,8.923117e-05
TSMC7,0.2,0.15,0.6450,4.873952e-05,9.088263e-05
TSMC7,0.2,0.15,0.6500,5.030609e-05,9.253562e-05
TSMC7,0.2,0.15,0.6550,5.188533e-05,9.418980e-05
TSMC7,0.2,0.15,0.6600,5.347677e-05,9.584490e-05
TSMC7,0.2,0.15,0.6650,5.507994e-05,9.750071e-05
TSMC7,0.2,0.15,0.6700,5.669440e-05,9.915692e-05
TSMC7,0.2,0.15,0.6750,5.831970e-05,1.008133e-04
TSMC7,0.2,0.15,0.6800,5.995540e-05,1.024696e-04
TSMC7,0.2,0.15,0.6850,6.160108e-05,1.041256e-04
TSMC7,0.2,0.15,0.6900,6.325631e-05,1.057810e-04
TSMC7,0.2,0.15,0.6950,6.492067e-05,1.074358e-04
TSMC7,0.2,0.15,0.7000,6.659375e-05,1.090895e-04
TSMC7,0.2,0.15,0.7050,6.827515e-05,1.107419e-04
TSMC7,0.2,0.15,0.7100,6.996446e-05,1.123928e-04
TSMC7,0.2,0.15,0.7150,7.166131e-05,1.140420e-04
TSMC7,0.2,0.15,0.7200,7.336530e-05,1.156894e-04
TSMC7,0.2,0.15,0.7250,7.507605e-05,1.173345e-04
TSMC7,0.2,0.15,0.7300,7.679320e-05,1.189772e-04
TSMC7,0.2,0.15,0.7350,7.851636e-05,1.206173e-04
TSMC7,0.2,0.15,0.7400,8.024518e-05,1.222544e-04
TSMC7,0.2,0.15,0.7450,8.197930e-05,1.238886e-04
TSMC7,0.2,0.15,0.7500,8.371838e-05,1.238886e-04
TSMC12,0.0,0.0,0.0000,3.467449e-11,0.000000e+00
TSMC12,0.0,0.0,0.0050,3.944933e-11,0.000000e+00
TSMC12,0.0,0.0,0.0100,4.547474e-11,0.000000e+00
TSMC12,0.0,0.0,0.0150,5.252332e-11,0.000000e+00
TSMC12,0.0,0.0,0.0200,6.082246e-11,0.000000e+00
TSMC12,0.0,0.0,0.0250,7.014478e-11,0.000000e+00
TSMC12,0.0,0.0,0.0300,8.117240e-11,0.000000e+00
TSMC12,0.0,0.0,0.0350,9.436008e-11,0.000000e+00
TSMC12,0.0,0.0,0.0400,1.102762e-10,0.000000e+00
TSMC12,0.0,0.0,0.0450,1.281251e-10,0.000000e+00
TSMC12,0.0,0.0,0.0500,1.487024e-10,0.000000e+00
TSMC12,0.0,0.0,0.0550,1.728040e-10,0.000000e+00
TSMC12,0.0,0.0,0.0600,2.006573e-10,0.000000e+00
TSMC12,0.0,0.0,0.0650,2.330580e-10,0.000000e+00
TSMC12,0.0,0.0,0.0700,2.709157e-10,0.000000e+00
TSMC12,0.0,0.0,0.0750,3.147989e-10,0.000000e+00
TSMC12,0.0,0.0,0.0800,3.660716e-10,0.000000e+00
TSMC12,0.0,0.0,0.0850,4.254161e-10,0.000000e+00
TSMC12,0.0,0.0,0.0900,4.946514e-10,0.000000e+00
TSMC12,0.0,0.0,0.0950,5.750280e-10,0.000000e+00
TSMC12,0.0,0.0,0.1000,6.683649e-10,0.000000e+00
TSMC12,0.0,0.0,0.1050,7.771632e-10,0.000000e+00
TSMC12,0.0,0.0,0.1100,9.033556e-10,0.000000e+00
TSMC12,0.0,0.0,0.1150,1.050353e-09,0.000000e+00
TSMC12,0.0,0.0,0.1200,1.221110e-09,0.000000e+00
TSMC12,0.0,0.0,0.1250,1.419835e-09,0.000000e+00
TSMC12,0.0,0.0,0.1300,1.650392e-09,0.000000e+00
TSMC12,0.0,0.0,0.1350,1.918920e-09,0.000000e+00
TSMC12,0.0,0.0,0.1400,2.230877e-09,0.000000e+00
TSMC12,0.0,0.0,0.1450,2.593197e-09,0.000000e+00
TSMC12,0.0,0.0,0.1500,3.014634e-09,0.000000e+00
TSMC12,0.0,0.0,0.1550,3.504397e-09,0.000000e+00
TSMC12,0.0,0.0,0.1600,4.073627e-09,0.000000e+00
TSMC12,0.0,0.0,0.1650,4.734943e-09,0.000000e+00
TSMC12,0.0,0.0,0.1700,5.503693e-09,0.000000e+00
TSMC12,0.0,0.0,0.1750,6.396476e-09,0.000000e+00
TSMC12,0.0,0.0,0.1800,7.433755e-09,0.000000e+00
TSMC12,0.0,0.0,0.1850,8.638722e-09,0.000000e+00
TSMC12,0.0,0.0,0.1900,1.003809e-08,0.000000e+00
TSMC12,0.0,0.0,0.1950,1.166291e-08,3.219198e-10
TSMC12,0.0,0.0,0.2000,1.354874e-08,2.891537e-09
TSMC12,0.0,0.0,0.2050,1.573778e-08,5.695455e-09
TSMC12,0.0,0.0,0.2100,1.827755e-08,8.822015e-09
TSMC12,0.0,0.0,0.2150,2.122340e-08,1.225585e-08
TSMC12,0.0,0.0,0.2200,2.463923e-08,1.608147e-08
TSMC12,0.0,0.0,0.2250,2.859781e-08,2.034496e-08
TSMC12,0.0,0.0,0.2300,3.318394e-08,2.513083e-08
TSMC12,0.0,0.0,0.2350,3.849368e-08,3.054278e-08
TSMC12,0.0,0.0,0.2400,4.463823e-08,3.669219e-08
TSMC12,0.0,0.0,0.2450,5.174365e-08,4.370199e-08
TSMC12,0.0,0.0,0.2500,5.995480e-08,5.174885e-08
TSMC12,0.0,0.0,0.2550,6.943628e-08,6.102868e-08
TSMC12,0.0,0.0,0.2600,8.037466e-08,7.174888e-08
TSMC12,0.0,0.0,0.2650,9.298253e-08,8.417449e-08
TSMC12,0.0,0.0,0.2700,1.075002e-07,9.860894e-08
TSMC12,0.0,0.0,0.2750,1.241984e-07,1.153634e-07
TSMC12,0.0,0.0,0.2800,1.433833e-07,1.348104e-07
TSMC12,0.0,0.0,0.2850,1.653976e-07,1.573533e-07
TSMC12,0.0,0.0,0.2900,1.906269e-07,1.834338e-07
TSMC12,0.0,0.0,0.2950,2.195006e-07,2.135284e-07
TSMC12,0.0,0.0,0.3000,2.524978e-07,2.481593e-07
TSMC12,0.0,0.0,0.3050,2.901501e-07,2.878685e-07
TSMC12,0.0,0.0,0.3100,3.330443e-07,3.332590e-07
TSMC12,0.0,0.0,0.3150,3.818268e-07,3.849456e-07
TSMC12,0.0,0.0,0.3200,4.372025e-07,4.436088e-07
TSMC12,0.0,0.0,0.3250,4.999392e-07,5.099365e-07
TSMC12,0.0,0.0,0.3300,5.708650e-07,5.846941e-07
TSMC12,0.0,0.0,0.3350,6.508673e-07,6.686815e-07
TSMC12,0.0,0.0,0.3400,7.408900e-07,7.627186e-07
TSMC12,0.0,0.0,0.3450,8.419292e-07,8.677296e-07
TSMC12,0.0,0.0,0.3500,9.550283e-07,9.846280e-07
TSMC12,0.0,0.0,0.3550,1.081269e-06,1.114436e-06
TSMC12,0.0,0.0,0.3600,1.221769e-06,1.258174e-06
TSMC12,0.0,0.0,0.3650,1.377667e-06,1.416918e-06
TSMC12,0.0,0.0,0.3700,1.550122e-06,1.591765e-06
TSMC12,0.0,0.0,0.3750,1.740299e-06,1.783863e-06
TSMC12,0.0,0.0,0.3800,1.949364e-06,1.994353e-06
TSMC12,0.0,0.0,0.3850,2.178476e-06,2.224385e-06
TSMC12,0.0,0.0,0.3900,2.428780e-06,2.475108e-06
TSMC12,0.0,0.0,0.3950,2.701396e-06,2.747663e-06
TSMC12,0.0,0.0,0.4000,2.997419e-06,3.043195e-06
TSMC12,0.0,0.0,0.4050,3.317907e-06,3.362803e-06
TSMC12,0.0,0.0,0.4100,3.663882e-06,3.707572e-06
TSMC12,0.0,0.0,0.4150,4.036319e-06,4.078583e-06
TSMC12,0.0,0.0,0.4200,4.436144e-06,4.476857e-06
TSMC12,0.0,0.0,0.4250,4.864232e-06,4.903378e-06
TSMC12,0.0,0.0,0.4300,5.321402e-06,5.359095e-06
TSMC12,0.0,0.0,0.4350,5.808411e-06,5.844940e-06
TSMC12,0.0,0.0,0.4400,6.325953e-06,6.361728e-06
TSMC12,0.0,0.0,0.4450,6.874659e-06,6.910213e-06
TSMC12,0.0,0.0,0.4500,7.455089e-06,7.491079e-06
TSMC12,0.0,0.0,0.4550,8.067729e-06,8.104952e-06
TSMC12,0.0,0.0,0.4600,8.712993e-06,8.752265e-06
TSMC12,0.0,0.0,0.4650,9.391217e-06,9.433392e-06
TSMC12,0.0,0.0,0.4700,1.010265e-05,1.014860e-05
TSMC12,0.0,0.0,0.4750,1.084747e-05,1.089801e-05
TSMC12,0.0,0.0,0.4800,1.162576e-05,1.168157e-05
TSMC12,0.0,0.0,0.4850,1.243749e-05,1.249917e-05
TSMC12,0.0,0.0,0.4900,1.328259e-05,1.335053e-05
TSMC12,0.0,0.0,0.4950,1.416083e-05,1.423522e-05
TSMC12,0.0,0.0,0.5000,1.507193e-05,1.515276e-05
TSMC12,0.0,0.0,0.5050,1.601549e-05,1.610250e-05
TSMC12,0.0,0.0,0.5100,1.697511e-05,1.708370e-05
TSMC12,0.0,0.0,0.5150,1.798229e-05,1.809556e-05
TSMC12,0.0,0.0,0.5200,1.902016e-05,1.913715e-05
TSMC12,0.0,0.0,0.5250,2.008792e-05,2.020755e-05
TSMC12,0.0,0.0,0.5300,2.118468e-05,2.130576e-05
TSMC12,0.0,0.0,0.5350,2.230945e-05,2.243075e-05
TSMC12,0.0,0.0,0.5400,2.346119e-05,2.358143e-05
TSMC12,0.0,0.0,0.5450,2.463879e-05,2.475674e-05
TSMC12,0.0,0.0,0.5500,2.584108e-05,2.595558e-05
TSMC12,0.0,0.0,0.5550,2.706688e-05,2.717690e-05
TSMC12,0.0,0.0,0.5600,2.831498e-05,2.841963e-05
TSMC12,0.0,0.0,0.5650,2.958418e-05,2.968271e-05
TSMC12,0.0,0.0,0.5700,3.087332e-05,3.096518e-05
TSMC12,0.0,0.0,0.5750,3.218123e-05,3.226606e-05
TSMC12,0.0,0.0,0.5800,3.350682e-05,3.358443e-05
TSMC12,0.0,0.0,0.5850,3.484906e-05,3.491940e-05
TSMC12,0.0,0.0,0.5900,3.620695e-05,3.627011e-05
TSMC12,0.0,0.0,0.5950,3.757958e-05,3.763580e-05
TSMC12,0.0,0.0,0.6000,3.896612e-05,3.901570e-05
TSMC12,0.0,0.0,0.6050,4.036578e-05,4.040908e-05
TSMC12,0.0,0.0,0.6100,4.177785e-05,4.181529e-05
TSMC12,0.0,0.0,0.6150,4.320168e-05,4.323367e-05
TSMC12,0.0,0.0,0.6200,4.463667e-05,4.466364e-05
TSMC12,0.0,0.0,0.6250,4.608227e-05,4.610472e-05
TSMC12,0.0,0.0,0.6300,4.753798e-05,4.755622e-05
TSMC12,0.0,0.0,0.6350,4.900334e-05,4.901782e-05
TSMC12,0.0,0.0,0.6400,5.047790e-05,5.048893e-05
TSMC12,0.0,0.0,0.6450,5.196126e-05,5.196919e-05
TSMC12,0.0,0.0,0.6500,5.345304e-05,5.345815e-05
TSMC12,0.0,0.0,0.6550,5.495286e-05,5.495541e-05
TSMC12,0.0,0.0,0.6600,5.646039e-05,5.646062e-05
TSMC12,0.0,0.0,0.6650,5.797526e-05,5.797329e-05
TSMC12,0.0,0.0,0.6700,5.949717e-05,5.949320e-05
TSMC12,0.0,0.0,0.6750,6.102579e-05,6.101993e-05
TSMC12,0.0,0.0,0.6800,6.256080e-05,6.255318e-05
TSMC12,0.0,0.0,0.6850,6.410190e-05,6.409263e-05
TSMC12,0.0,0.0,0.6900,6.564877e-05,6.563792e-05
TSMC12,0.0,0.0,0.6950,6.720113e-05,6.718875e-05
TSMC12,0.0,0.0,0.7000,6.875867e-05,6.874484e-05
TSMC12,0.0,0.0,0.7050,7.032110e-05,7.030589e-05
TSMC12,0.0,0.0,0.7100,7.188813e-05,7.187151e-05
TSMC12,0.0,0.0,0.7150,7.345946e-05,7.344157e-05
TSMC12,0.0,0.0,0.7200,7.503480e-05,7.501557e-05
TSMC12,0.0,0.0,0.7250,7.661388e-05,7.659339e-05
TSMC12,0.0,0.0,0.7300,7.819640e-05,7.817461e-05
TSMC12,0.0,0.0,0.7350,7.978209e-05,7.975900e-05
TSMC12,0.0,0.0,0.7400,8.137067e-05,8.134632e-05
TSMC12,0.0,0.0,0.7450,8.296184e-05,8.293626e-05
TSMC12,0.0,0.0,0.7500,8.455535e-05,8.452850e-05
TSMC12,0.0,0.0,0.7550,8.615091e-05,8.612282e-05
TSMC12,0.0,0.0,0.7600,8.774826e-05,8.771891e-05
TSMC12,0.0,0.0,0.7650,8.934712e-05,8.931653e-05
TSMC12,0.0,0.0,0.7700,9.094723e-05,9.091537e-05
TSMC12,0.0,0.0,0.7750,9.254832e-05,9.251517e-05
TSMC12,0.0,0.0,0.7800,9.415013e-05,9.411573e-05
TSMC12,0.0,0.0,0.7850,9.575240e-05,9.571675e-05
TSMC12,0.0,0.0,0.7900,9.735487e-05,9.731786e-05
TSMC12,0.0,0.0,0.7950,9.895729e-05,9.891899e-05
TSMC12,0.0,0.0,0.8000,1.005594e-04,9.891899e-05
TSMC12,0.1,0.08,0.0000,4.888534e-12,0.000000e+00
TSMC12,0.1,0.08,0.0050,5.115908e-12,0.000000e+00
TSMC12,0.1,0.08,0.0100,5.229595e-12,0.000000e+00
TSMC12,0.1,0.08,0.0150,5.456968e-12,0.000000e+00
TSMC12,0.1,0.08,0.0200,6.139089e-12,0.000000e+00
TSMC12,0.1,0.08,0.0250,6.821210e-12,0.000000e+00
TSMC12,0.1,0.08,0.0300,7.730705e-12,0.000000e+00
TSMC12,0.1,0.08,0.0350,8.526513e-12,0.000000e+00
TSMC12,0.1,0.08,0.0400,9.663381e-12,0.000000e+00
TSMC12,0.1,0.08,0.0450,1.102762e-11,0.000000e+00
TSMC12,0.1,0.08,0.0500,1.261924e-11,0.000000e+00
TSMC12,0.1,0.08,0.0550,1.455192e-11,0.000000e+00
TSMC12,0.1,0.08,0.0600,1.659828e-11,0.000000e+00
TSMC12,0.1,0.08,0.0650,1.944045e-11,0.000000e+00
TSMC12,0.1,0.08,0.0700,2.228262e-11,0.000000e+00
TSMC12,0.1,0.08,0.0750,2.580691e-11,0.000000e+00
TSMC12,0.1,0.08,0.0800,2.989964e-11,0.000000e+00
TSMC12,0.1,0.08,0.0850,3.467449e-11,0.000000e+00
TSMC12,0.1,0.08,0.0900,4.024514e-11,0.000000e+00
TSMC12,0.1,0.08,0.0950,4.683898e-11,0.000000e+00
TSMC12,0.1,0.08,0.1000,5.445600e-11,0.000000e+00
TSMC12,0.1,0.08,0.1050,6.309619e-11,0.000000e+00
TSMC12,0.1,0.08,0.1100,7.332801e-11,0.000000e+00
TSMC12,0.1,0.08,0.1150,8.526513e-11,0.000000e+00
TSMC12,0.1,0.08,0.1200,9.913492e-11,0.000000e+00
TSMC12,0.1,0.08,0.1250,1.161879e-10,0.000000e+00
TSMC12,0.1,0.08,0.1300,1.352873e-10,0.000000e+00
TSMC12,0.1,0.08,0.1350,1.572289e-10,0.000000e+00
TSMC12,0.1,0.08,0.1400,1.828084e-10,0.000000e+00
TSMC12,0.1,0.08,0.1450,2.124807e-10,0.000000e+00
TSMC12,0.1,0.08,0.1500,2.470415e-10,0.000000e+00
TSMC12,0.1,0.08,0.1550,2.871730e-10,0.000000e+00
TSMC12,0.1,0.08,0.1600,3.337846e-10,0.000000e+00
TSMC12,0.1,0.08,0.1650,3.880132e-10,0.000000e+00
TSMC12,0.1,0.08,0.1700,4.511094e-10,0.000000e+00
TSMC12,0.1,0.08,0.1750,5.247784e-10,0.000000e+00
TSMC12,0.1,0.08,0.1800,6.101573e-10,0.000000e+00
TSMC12,0.1,0.08,0.1850,7.094059e-10,0.000000e+00
TSMC12,0.1,0.08,0.1900,8.246843e-10,0.000000e+00
TSMC12,0.1,0.08,0.1950,9.587211e-10,3.142378e-10
TSMC12,0.1,0.08,0.2000,1.114699e-09,2.883855e-09
TSMC12,0.1,0.08,0.2050,1.295916e-09,5.703135e-09
TSMC12,0.1,0.08,0.2100,1.506805e-09,8.810490e-09
TSMC12,0.1,0.08,0.2150,1.751800e-09,1.225201e-08
TSMC12,0.1,0.08,0.2200,2.036700e-09,1.607763e-08
TSMC12,0.1,0.08,0.2250,2.367756e-09,2.034496e-08
TSMC12,0.1,0.08,0.2300,2.752586e-09,2.512698e-08
TSMC12,0.1,0.08,0.2350,3.199830e-09,3.053893e-08
TSMC12,0.1,0.08,0.2400,3.719720e-09,3.668450e-08
TSMC12,0.1,0.08,0.2450,4.323965e-09,4.369430e-08
TSMC12,0.1,0.08,0.2500,5.025868e-09,5.173732e-08
TSMC12,0.1,0.08,0.2550,5.841571e-09,6.102098e-08
TSMC12,0.1,0.08,0.2600,6.789264e-09,7.174118e-08
TSMC12,0.1,0.08,0.2650,7.890208e-09,8.417447e-08
TSMC12,0.1,0.08,0.2700,9.168957e-09,9.860124e-08
TSMC12,0.1,0.08,0.2750,1.065405e-08,1.153595e-07
TSMC12,0.1,0.08,0.2800,1.237834e-08,1.347950e-07
TSMC12,0.1,0.08,0.2850,1.437991e-08,1.573417e-07
TSMC12,0.1,0.08,0.2900,1.670287e-08,1.834107e-07
TSMC12,0.1,0.08,0.2950,1.939793e-08,2.135091e-07
TSMC12,0.1,0.08,0.3000,2.252352e-08,2.481401e-07
TSMC12,0.1,0.08,0.3050,2.614797e-08,2.878530e-07
TSMC12,0.1,0.08,0.3100,3.034768e-08,3.332320e-07
TSMC12,0.1,0.08,0.3150,3.521291e-08,3.849263e-07
TSMC12,0.1,0.08,0.3200,4.084563e-08,4.435818e-07
TSMC12,0.1,0.08,0.3250,4.736330e-08,5.099018e-07
TSMC12,0.1,0.08,0.3300,5.489972e-08,5.846593e-07
TSMC12,0.1,0.08,0.3350,6.360801e-08,6.686352e-07
TSMC12,0.1,0.08,0.3400,7.366259e-08,7.626762e-07
TSMC12,0.1,0.08,0.3450,8.526104e-08,8.676794e-07
TSMC12,0.1,0.08,0.3500,9.862856e-08,9.845855e-07
TSMC12,0.1,0.08,0.3550,1.140194e-07,1.114382e-06
TSMC12,0.1,0.08,0.3600,1.317201e-07,1.258116e-06
TSMC12,0.1,0.08,0.3650,1.520541e-07,1.416848e-06
TSMC12,0.1,0.08,0.3700,1.753842e-07,1.591695e-06
TSMC12,0.1,0.08,0.3750,2.021173e-07,1.783790e-06
TSMC12,0.1,0.08,0.3800,2.327066e-07,1.994272e-06
TSMC12,0.1,0.08,0.3850,2.676567e-07,2.224296e-06
TSMC12,0.1,0.08,0.3900,3.075261e-07,2.475011e-06
TSMC12,0.1,0.08,0.3950,3.529309e-07,2.747566e-06
TSMC12,0.1,0.08,0.4000,4.045456e-07,3.043094e-06
TSMC12,0.1,0.08,0.4050,4.631064e-07,3.362690e-06
TSMC12,0.1,0.08,0.4100,5.294092e-07,3.707452e-06
TSMC12,0.1,0.08,0.4150,6.043109e-07,4.078462e-06
TSMC12,0.1,0.08,0.4200,6.887245e-07,4.476717e-06
TSMC12,0.1,0.08,0.4250,7.836177e-07,4.903233e-06
TSMC12,0.1,0.08,0.4300,8.900068e-07,5.358946e-06
TSMC12,0.1,0.08,0.4350,1.008951e-06,5.844783e-06
TSMC12,0.1,0.08,0.4400,1.141546e-06,6.361563e-06
TSMC12,0.1,0.08,0.4450,1.288915e-06,6.910047e-06
TSMC12,0.1,0.08,0.4500,1.452201e-06,7.490905e-06
TSMC12,0.1,0.08,0.4550,1.632562e-06,8.104769e-06
TSMC12,0.1,0.08,0.4600,1.831157e-06,8.752082e-06
TSMC12,0.1,0.08,0.4650,2.049143e-06,9.433199e-06
TSMC12,0.1,0.08,0.4700,2.287665e-06,1.014841e-05
TSMC12,0.1,0.08,0.4750,2.547851e-06,1.089781e-05
TSMC12,0.1,0.08,0.4800,2.830803e-06,1.168136e-05
TSMC12,0.1,0.08,0.4850,3.137591e-06,1.249896e-05
TSMC12,0.1,0.08,0.4900,3.469249e-06,1.335031e-05
TSMC12,0.1,0.08,0.4950,3.826770e-06,1.423500e-05
TSMC12,0.1,0.08,0.5000,4.211100e-06,1.515253e-05
TSMC12,0.1,0.08,0.5050,4.623136e-06,1.610226e-05
TSMC12,0.1,0.08,0.5100,5.063717e-06,1.708347e-05
TSMC12,0.1,0.08,0.5150,5.533629e-06,1.809533e-05
TSMC12,0.1,0.08,0.5200,6.033592e-06,1.913692e-05
TSMC12,0.1,0.08,0.5250,6.564265e-06,2.020732e-05
TSMC12,0.1,0.08,0.5300,7.126238e-06,2.130554e-05
TSMC12,0.1,0.08,0.5350,7.720031e-06,2.243052e-05
TSMC12,0.1,0.08,0.5400,8.346090e-06,2.358120e-05
TSMC12,0.1,0.08,0.5450,9.004786e-06,2.475651e-05
TSMC12,0.1,0.08,0.5500,9.696408e-06,2.595534e-05
TSMC12,0.1,0.08,0.5550,1.042117e-05,2.717668e-05
TSMC12,0.1,0.08,0.5600,1.117918e-05,2.841941e-05
TSMC12,0.1,0.08,0.5650,1.197049e-05,2.968249e-05
TSMC12,0.1,0.08,0.5700,1.279502e-05,3.096496e-05
TSMC12,0.1,0.08,0.5750,1.365264e-05,3.226585e-05
TSMC12,0.1,0.08,0.5800,1.454309e-05,3.358423e-05
TSMC12,0.1,0.08,0.5850,1.546601e-05,3.491920e-05
TSMC12,0.1,0.08,0.5900,1.640504e-05,3.626991e-05
TSMC12,0.1,0.08,0.5950,1.739176e-05,3.763561e-05
TSMC12,0.1,0.08,0.6000,1.840936e-05,3.901551e-05
TSMC12,0.1,0.08,0.6050,1.945708e-05,4.040890e-05
TSMC12,0.1,0.08,0.6100,2.053408e-05,4.181512e-05
TSMC12,0.1,0.08,0.6150,2.163944e-05,4.323352e-05
TSMC12,0.1,0.08,0.6200,2.277215e-05,4.466349e-05
TSMC12,0.1,0.08,0.6250,2.393114e-05,4.610457e-05
TSMC12,0.1,0.08,0.6300,2.511528e-05,4.755608e-05
TSMC12,0.1,0.08,0.6350,2.632341e-05,4.901770e-05
TSMC12,0.1,0.08,0.6400,2.755436e-05,5.048882e-05
TSMC12,0.1,0.08,0.6450,2.880693e-05,5.196908e-05
TSMC12,0.1,0.08,0.6500,3.007996e-05,5.345804e-05
TSMC12,0.1,0.08,0.6550,3.137228e-05,5.495532e-05
TSMC12,0.1,0.08,0.6600,3.268280e-05,5.646053e-05
TSMC12,0.1,0.08,0.6650,3.401045e-05,5.797322e-05
TSMC12,0.1,0.08,0.6700,3.535423e-05,5.949314e-05
TSMC12,0.1,0.08,0.6750,3.671320e-05,6.101988e-05
TSMC12,0.1,0.08,0.6800,3.808649e-05,6.255315e-05
TSMC12,0.1,0.08,0.6850,3.947328e-05,6.409261e-05
TSMC12,0.1,0.08,0.6900,4.087285e-05,6.563790e-05
TSMC12,0.1,0.08,0.6950,4.228450e-05,6.718876e-05
TSMC12,0.1,0.08,0.7000,4.370761e-05,6.874486e-05
TSMC12,0.1,0.08,0.7050,4.514161e-05,7.030590e-05
TSMC12,0.1,0.08,0.7100,4.658597e-05,7.187155e-05
TSMC12,0.1,0.08,0.7150,4.804020e-05,7.344161e-05
TSMC12,0.1,0.08,0.7200,4.950385e-05,7.501562e-05
TSMC12,0.1,0.08,0.7250,5.097649e-05,7.659345e-05
TSMC12,0.1,0.08,0.7300,5.245772e-05,7.817471e-05
TSMC12,0.1,0.08,0.7350,5.394716e-05,7.975910e-05
TSMC12,0.1,0.08,0.7400,5.544446e-05,8.134643e-05
TSMC12,0.1,0.08,0.7450,5.694926e-05,8.293639e-05
TSMC12,0.1,0.08,0.7500,5.846122e-05,8.452866e-05
TSMC12,0.1,0.08,0.7550,5.998002e-05,8.612298e-05
TSMC12,0.1,0.08,0.7600,6.150534e-05,8.771909e-05
TSMC12,0.1,0.08,0.7650,6.303687e-05,8.931673e-05
TSMC12,0.1,0.08,0.7700,6.457430e-05,9.091556e-05
TSMC12,0.1,0.08,0.7750,6.611731e-05,9.251539e-05
TSMC12,0.1,0.08,0.7800,6.766563e-05,9.411595e-05
TSMC12,0.1,0.08,0.7850,6.921894e-05,9.571701e-05
TSMC12,0.1,0.08,0.7900,7.077695e-05,9.731813e-05
TSMC12,0.1,0.08,0.7950,7.233937e-05,9.891926e-05
TSMC12,0.1,0.08,0.8000,7.390591e-05,9.891926e-05
TSMC12,0.2,0.16,0.0000,2.046363e-12,0.000000e+00
TSMC12,0.2,0.16,0.0050,1.818989e-12,0.000000e+00
TSMC12,0.2,0.16,0.0100,1.818989e-12,0.000000e+00
TSMC12,0.2,0.16,0.0150,1.932676e-12,0.000000e+00
TSMC12,0.2,0.16,0.0200,1.818989e-12,0.000000e+00
TSMC12,0.2,0.16,0.0250,1.591616e-12,0.000000e+00
TSMC12,0.2,0.16,0.0300,1.364242e-12,0.000000e+00
TSMC12,0.2,0.16,0.0350,1.591616e-12,0.000000e+00
TSMC12,0.2,0.16,0.0400,1.591616e-12,0.000000e+00
TSMC12,0.2,0.16,0.0450,1.818989e-12,0.000000e+00
TSMC12,0.2,0.16,0.0500,1.591616e-12,0.000000e+00
TSMC12,0.2,0.16,0.0550,1.591616e-12,0.000000e+00
TSMC12,0.2,0.16,0.0600,1.932676e-12,0.000000e+00
TSMC12,0.2,0.16,0.0650,1.932676e-12,0.000000e+00
TSMC12,0.2,0.16,0.0700,2.160050e-12,0.000000e+00
TSMC12,0.2,0.16,0.0750,2.501110e-12,0.000000e+00
TSMC12,0.2,0.16,0.0800,2.728484e-12,0.000000e+00
TSMC12,0.2,0.16,0.0850,3.183231e-12,0.000000e+00
TSMC12,0.2,0.16,0.0900,3.524292e-12,0.000000e+00
TSMC12,0.2,0.16,0.0950,4.092726e-12,0.000000e+00
TSMC12,0.2,0.16,0.1000,4.774847e-12,0.000000e+00
TSMC12,0.2,0.16,0.1050,5.343281e-12,0.000000e+00
TSMC12,0.2,0.16,0.1100,6.139089e-12,0.000000e+00
TSMC12,0.2,0.16,0.1150,7.275958e-12,0.000000e+00
TSMC12,0.2,0.16,0.1200,8.185452e-12,0.000000e+00
TSMC12,0.2,0.16,0.1250,9.549694e-12,0.000000e+00
TSMC12,0.2,0.16,0.1300,1.102762e-11,0.000000e+00
TSMC12,0.2,0.16,0.1350,1.284661e-11,0.000000e+00
TSMC12,0.2,0.16,0.1400,1.489298e-11,0.000000e+00
TSMC12,0.2,0.16,0.1450,1.739409e-11,0.000000e+00
TSMC12,0.2,0.16,0.1500,2.012257e-11,0.000000e+00
TSMC12,0.2,0.16,0.1550,2.330580e-11,0.000000e+00
TSMC12,0.2,0.16,0.1600,2.705747e-11,0.000000e+00
TSMC12,0.2,0.16,0.1650,3.149125e-11,0.000000e+00
TSMC12,0.2,0.16,0.1700,3.672085e-11,0.000000e+00
TSMC12,0.2,0.16,0.1750,4.263256e-11,0.000000e+00
TSMC12,0.2,0.16,0.1800,4.956746e-11,0.000000e+00
TSMC12,0.2,0.16,0.1850,5.741185e-11,0.000000e+00
TSMC12,0.2,0.16,0.1900,6.684786e-11,0.000000e+00
TSMC12,0.2,0.16,0.1950,7.764811e-11,3.142373e-10
TSMC12,0.2,0.16,0.2000,9.038104e-11,2.883851e-09
TSMC12,0.2,0.16,0.2050,1.060698e-10,5.703128e-09
TSMC12,0.2,0.16,0.2100,1.234639e-10,8.810478e-09
TSMC12,0.2,0.16,0.2150,1.434728e-10,1.225199e-08
TSMC12,0.2,0.16,0.2200,1.667786e-10,1.607761e-08
TSMC12,0.2,0.16,0.2250,1.939497e-10,2.034493e-08
TSMC12,0.2,0.16,0.2300,2.255547e-10,2.512695e-08
TSMC12,0.2,0.16,0.2350,2.620482e-10,3.053889e-08
TSMC12,0.2,0.16,0.2400,3.047944e-10,3.668445e-08
TSMC12,0.2,0.16,0.2450,3.544756e-10,4.369424e-08
TSMC12,0.2,0.16,0.2500,4.122285e-10,5.173725e-08
TSMC12,0.2,0.16,0.2550,4.790763e-10,6.102090e-08
TSMC12,0.2,0.16,0.2600,5.570655e-10,7.174109e-08
TSMC12,0.2,0.16,0.2650,6.476739e-10,8.417435e-08
TSMC12,0.2,0.16,0.2700,7.532890e-10,9.860111e-08
TSMC12,0.2,0.16,0.2750,8.756160e-10,1.153594e-07
TSMC12,0.2,0.16,0.2800,1.018179e-09,1.347948e-07
TSMC12,0.2,0.16,0.2850,1.183594e-09,1.573415e-07
TSMC12,0.2,0.16,0.2900,1.376293e-09,1.834105e-07
TSMC12,0.2,0.16,0.2950,1.599801e-09,2.135088e-07
TSMC12,0.2,0.16,0.3000,1.860030e-09,2.481398e-07
TSMC12,0.2,0.16,0.3050,2.162551e-09,2.878526e-07
TSMC12,0.2,0.16,0.3100,2.514184e-09,3.332315e-07
TSMC12,0.2,0.16,0.3150,2.922661e-09,3.849258e-07
TSMC12,0.2,0.16,0.3200,3.397417e-09,4.435812e-07
TSMC12,0.2,0.16,0.3250,3.949594e-09,5.099012e-07
TSMC12,0.2,0.16,0.3300,4.590902e-09,5.846586e-07
TSMC12,0.2,0.16,0.3350,5.336233e-09,6.686343e-07
TSMC12,0.2,0.16,0.3400,6.202413e-09,7.626752e-07
TSMC12,0.2,0.16,0.3450,7.208541e-09,8.676783e-07
TSMC12,0.2,0.16,0.3500,8.377583e-09,9.845842e-07
TSMC12,0.2,0.16,0.3550,9.735231e-09,1.114381e-06
TSMC12,0.2,0.16,0.3600,1.131161e-08,1.258114e-06
TSMC12,0.2,0.16,0.3650,1.314220e-08,1.416846e-06
TSMC12,0.2,0.16,0.3700,1.526723e-08,1.591693e-06
TSMC12,0.2,0.16,0.3750,1.773299e-08,1.783787e-06
TSMC12,0.2,0.16,0.3800,2.059392e-08,1.994269e-06
TSMC12,0.2,0.16,0.3850,2.391187e-08,2.224293e-06
TSMC12,0.2,0.16,0.3900,2.775869e-08,2.475008e-06
TSMC12,0.2,0.16,0.3950,3.221658e-08,2.747562e-06
TSMC12,0.2,0.16,0.4000,3.738023e-08,3.043090e-06
TSMC12,0.2,0.16,0.4050,4.335834e-08,3.362686e-06
TSMC12,0.2,0.16,0.4100,5.027516e-08,3.707447e-06
TSMC12,0.2,0.16,0.4150,5.827258e-08,4.078456e-06
TSMC12,0.2,0.16,0.4200,6.751338e-08,4.476711e-06
TSMC12,0.2,0.16,0.4250,7.818176e-08,4.903227e-06
TSMC12,0.2,0.16,0.4300,9.048767e-08,5.358939e-06
TSMC12,0.2,0.16,0.4350,1.046695e-07,5.844775e-06
TSMC12,0.2,0.16,0.4400,1.209964e-07,6.361555e-06
TSMC12,0.2,0.16,0.4450,1.397722e-07,6.910038e-06
TSMC12,0.2,0.16,0.4500,1.613390e-07,7.490895e-06
TSMC12,0.2,0.16,0.4550,1.860808e-07,8.104758e-06
TSMC12,0.2,0.16,0.4600,2.144266e-07,8.752070e-06
TSMC12,0.2,0.16,0.4650,2.468551e-07,9.433187e-06
TSMC12,0.2,0.16,0.4700,2.838970e-07,1.014840e-05
TSMC12,0.2,0.16,0.4750,3.261396e-07,1.089780e-05
TSMC12,0.2,0.16,0.4800,3.742273e-07,1.168134e-05
TSMC12,0.2,0.16,0.4850,4.288646e-07,1.249894e-05
TSMC12,0.2,0.16,0.4900,4.908167e-07,1.335030e-05
TSMC12,0.2,0.16,0.4950,5.609087e-07,1.423498e-05
TSMC12,0.2,0.16,0.5000,6.400236e-07,1.515251e-05
TSMC12,0.2,0.16,0.5050,7.290995e-07,1.610224e-05
TSMC12,0.2,0.16,0.5100,8.291256e-07,1.708345e-05
TSMC12,0.2,0.16,0.5150,9.411362e-07,1.809530e-05
TSMC12,0.2,0.16,0.5200,1.066204e-06,1.913690e-05
TSMC12,0.2,0.16,0.5250,1.205435e-06,2.020729e-05
TSMC12,0.2,0.16,0.5300,1.359956e-06,2.130552e-05
TSMC12,0.2,0.16,0.5350,1.530912e-06,2.243049e-05
TSMC12,0.2,0.16,0.5400,1.719456e-06,2.358117e-05
TSMC12,0.2,0.16,0.5450,1.926740e-06,2.475648e-05
TSMC12,0.2,0.16,0.5500,2.153907e-06,2.595531e-05
TSMC12,0.2,0.16,0.5550,2.402089e-06,2.717664e-05
TSMC12,0.2,0.16,0.5600,2.672392e-06,2.841938e-05
TSMC12,0.2,0.16,0.5650,2.965896e-06,2.968245e-05
TSMC12,0.2,0.16,0.5700,3.283648e-06,3.096492e-05
TSMC12,0.2,0.16,0.5750,3.626654e-06,3.226581e-05
TSMC12,0.2,0.16,0.5800,3.995876e-06,3.358418e-05
TSMC12,0.2,0.16,0.5850,4.392230e-06,3.491915e-05
TSMC12,0.2,0.16,0.5900,4.816576e-06,3.626986e-05
TSMC12,0.2,0.16,0.5950,5.269722e-06,3.763556e-05
TSMC12,0.2,0.16,0.6000,5.752413e-06,3.901546e-05
TSMC12,0.2,0.16,0.6050,6.265334e-06,4.040884e-05
TSMC12,0.2,0.16,0.6100,6.809101e-06,4.181507e-05
TSMC12,0.2,0.16,0.6150,7.384264e-06,4.323346e-05
TSMC12,0.2,0.16,0.6200,7.991299e-06,4.466343e-05
TSMC12,0.2,0.16,0.6250,8.630609e-06,4.610451e-05
TSMC12,0.2,0.16,0.6300,9.302517e-06,4.755602e-05
TSMC12,0.2,0.16,0.6350,1.000727e-05,4.901763e-05
TSMC12,0.2,0.16,0.6400,1.074502e-05,5.048876e-05
TSMC12,0.2,0.16,0.6450,1.151584e-05,5.196901e-05
TSMC12,0.2,0.16,0.6500,1.231972e-05,5.345797e-05
TSMC12,0.2,0.16,0.6550,1.315655e-05,5.495525e-05
TSMC12,0.2,0.16,0.6600,1.402611e-05,5.646045e-05
TSMC12,0.2,0.16,0.6650,1.492812e-05,5.797315e-05
TSMC12,0.2,0.16,0.6700,1.586216e-05,5.949306e-05
TSMC12,0.2,0.16,0.6750,1.681206e-05,6.101980e-05
TSMC12,0.2,0.16,0.6800,1.780889e-05,6.255306e-05
TSMC12,0.2,0.16,0.6850,1.883601e-05,6.409252e-05
TSMC12,0.2,0.16,0.6900,1.989264e-05,6.563781e-05
TSMC12,0.2,0.16,0.6950,2.097789e-05,6.718868e-05
TSMC12,0.2,0.16,0.7000,2.209081e-05,6.874477e-05
TSMC12,0.2,0.16,0.7050,2.323038e-05,7.030581e-05
TSMC12,0.2,0.16,0.7100,2.439551e-05,7.187146e-05
TSMC12,0.2,0.16,0.7150,2.558508e-05,7.344151e-05
TSMC12,0.2,0.16,0.7200,2.679793e-05,7.501553e-05
TSMC12,0.2,0.16,0.7250,2.803291e-05,7.659335e-05
TSMC12,0.2,0.16,0.7300,2.928883e-05,7.817461e-05
TSMC12,0.2,0.16,0.7350,3.056457e-05,7.975899e-05
TSMC12,0.2,0.16,0.7400,3.185900e-05,8.134632e-05
TSMC12,0.2,0.16,0.7450,3.317105e-05,8.293628e-05
TSMC12,0.2,0.16,0.7500,3.449970e-05,8.452855e-05
TSMC12,0.2,0.16,0.7550,3.584399e-05,8.612286e-05
TSMC12,0.2,0.16,0.7600,3.720302e-05,8.771897e-05
TSMC12,0.2,0.16,0.7650,3.857596e-05,8.931661e-05
TSMC12,0.2,0.16,0.7700,3.996202e-05,9.091544e-05
TSMC12,0.2,0.16,0.7750,4.136050e-05,9.251527e-05
TSMC12,0.2,0.16,0.7800,4.277074e-05,9.411582e-05
TSMC12,0.2,0.16,0.7850,4.419215e-05,9.571688e-05
TSMC12,0.2,0.16,0.7900,4.562416e-05,9.731800e-05
TSMC12,0.2,0.16,0.7950,4.706626e-05,9.891913e-05
TSMC12,0.2,0.16,0.8000,4.851797e-05,9.891913e-05
TSMC16,0.0,0.0,0.0000,1.273293e-11,0.000000e+00
TSMC16,0.0,0.0,0.0050,1.466560e-11,0.000000e+00
TSMC16,0.0,0.0,0.0100,1.693934e-11,0.000000e+00
TSMC16,0.0,0.0,0.0150,1.989520e-11,0.000000e+00
TSMC16,0.0,0.0,0.0200,2.341949e-11,3.071946e-10
TSMC16,0.0,0.0,0.0250,2.751221e-11,9.035756e-10
TSMC16,0.0,0.0,0.0300,3.240075e-11,1.503804e-09
TSMC16,0.0,0.0,0.0350,3.808509e-11,2.092490e-09
TSMC16,0.0,0.0,0.0400,4.479261e-11,2.669633e-09
TSMC16,0.0,0.0,0.0450,5.275069e-11,3.246776e-09
TSMC16,0.0,0.0,0.0500,6.230039e-11,3.800833e-09
TSMC16,0.0,0.0,0.0550,7.366907e-11,4.362585e-09
TSMC16,0.0,0.0,0.0600,8.787993e-11,4.893557e-09
TSMC16,0.0,0.0,0.0650,1.037961e-10,5.397595e-09
TSMC16,0.0,0.0,0.0700,1.226681e-10,5.886243e-09
TSMC16,0.0,0.0,0.0750,1.448370e-10,6.355652e-09
TSMC16,0.0,0.0,0.0800,1.709850e-10,6.786586e-09
TSMC16,0.0,0.0,0.0850,2.020215e-10,7.194433e-09
TSMC16,0.0,0.0,0.0900,2.388560e-10,7.563805e-09
TSMC16,0.0,0.0,0.0950,2.820570e-10,7.902395e-09
TSMC16,0.0,0.0,0.1000,3.333298e-10,8.190967e-09
TSMC16,0.0,0.0,0.1050,3.938112e-10,8.433367e-09
TSMC16,0.0,0.0,0.1100,4.650929e-10,8.641138e-09
TSMC16,0.0,0.0,0.1150,5.497895e-10,8.795043e-09
TSMC16,0.0,0.0,0.1200,6.493792e-10,8.898929e-09
TSMC16,0.0,0.0,0.1250,7.674998e-10,8.956643e-09
TSMC16,0.0,0.0,0.1300,9.065388e-10,8.956643e-09
TSMC16,0.0,0.0,0.1350,1.071044e-09,8.902776e-09
TSMC16,0.0,0.0,0.1400,1.265676e-09,8.818129e-09
TSMC16,0.0,0.0,0.1450,1.495209e-09,8.679614e-09
TSMC16,0.0,0.0,0.1500,1.766466e-09,8.510319e-09
TSMC16,0.0,0.0,0.1550,2.086608e-09,8.302548e-09
TSMC16,0.0,0.0,0.1600,2.464844e-09,8.094776e-09
TSMC16,0.0,0.0,0.1650,2.911520e-09,7.879310e-09
TSMC16,0.0,0.0,0.1700,3.438913e-09,7.679233e-09
TSMC16,0.0,0.0,0.1750,4.061349e-09,7.533024e-09
TSMC16,0.0,0.0,0.1800,4.796448e-09,7.463767e-09
TSMC16,0.0,0.0,0.1850,5.663424e-09,7.486852e-09
TSMC16,0.0,0.0,0.1900,6.686605e-09,7.671538e-09
TSMC16,0.0,0.0,0.1950,7.893391e-09,8.056300e-09
TSMC16,0.0,0.0,0.2000,9.316295e-09,8.687310e-09
TSMC16,0.0,0.0,0.2050,1.099374e-08,9.641519e-09
TSMC16,0.0,0.0,0.2100,1.296985e-08,1.097280e-08
TSMC16,0.0,0.0,0.2150,1.529747e-08,1.277348e-08
TSMC16,0.0,0.0,0.2200,1.803733e-08,1.513977e-08
TSMC16,0.0,0.0,0.2250,2.126035e-08,1.816015e-08
TSMC16,0.0,0.0,0.2300,2.504976e-08,2.194621e-08
TSMC16,0.0,0.0,0.2350,2.950162e-08,2.661337e-08
TSMC16,0.0,0.0,0.2400,3.472780e-08,3.229631e-08
TSMC16,0.0,0.0,0.2450,4.085757e-08,3.913353e-08
TSMC16,0.0,0.0,0.2500,4.804053e-08,4.725971e-08
TSMC16,0.0,0.0,0.2550,5.644904e-08,5.689031e-08
TSMC16,0.0,0.0,0.2600,6.628181e-08,6.815230e-08
TSMC16,0.0,0.0,0.2650,7.776759e-08,8.128425e-08
TSMC16,0.0,0.0,0.2700,9.116786e-08,9.650163e-08
TSMC16,0.0,0.0,0.2750,1.067812e-07,1.140507e-07
TSMC16,0.0,0.0,0.2800,1.249492e-07,1.342239e-07
TSMC16,0.0,0.0,0.2850,1.460585e-07,1.573482e-07
TSMC16,0.0,0.0,0.2900,1.705461e-07,1.838086e-07
TSMC16,0.0,0.0,0.2950,1.989031e-07,2.140282e-07
TSMC16,0.0,0.0,0.3000,2.316782e-07,2.484804e-07
TSMC16,0.0,0.0,0.3050,2.694793e-07,2.877502e-07
TSMC16,0.0,0.0,0.3100,3.129752e-07,3.324534e-07
TSMC16,0.0,0.0,0.3150,3.628967e-07,3.833058e-07
TSMC16,0.0,0.0,0.3200,4.200335e-07,4.410967e-07
TSMC16,0.0,0.0,0.3250,4.852336e-07,5.066922e-07
TSMC16,0.0,0.0,0.3300,5.593985e-07,5.810244e-07
TSMC16,0.0,0.0,0.3350,6.434785e-07,6.651179e-07
TSMC16,0.0,0.0,0.3400,7.384680e-07,7.600209e-07
TSMC16,0.0,0.0,0.3450,8.453978e-07,8.668441e-07
TSMC16,0.0,0.0,0.3500,9.653294e-07,9.867529e-07
TSMC16,0.0,0.0,0.3550,1.099347e-06,1.120899e-06
TSMC16,0.0,0.0,0.3600,1.248551e-06,1.270461e-06
TSMC16,0.0,0.0,0.3650,1.414051e-06,1.436601e-06
TSMC16,0.0,0.0,0.3700,1.596955e-06,1.620494e-06
TSMC16,0.0,0.0,0.3750,1.798371e-06,1.823248e-06
TSMC16,0.0,0.0,0.3800,2.019390e-06,2.045971e-06
TSMC16,0.0,0.0,0.3850,2.261085e-06,2.289722e-06
TSMC16,0.0,0.0,0.3900,2.524506e-06,2.555515e-06
TSMC16,0.0,0.0,0.3950,2.810671e-06,2.844308e-06
TSMC16,0.0,0.0,0.4000,3.120559e-06,3.157049e-06
TSMC16,0.0,0.0,0.4050,3.455109e-06,3.494615e-06
TSMC16,0.0,0.0,0.4100,3.815209e-06,3.857825e-06
TSMC16,0.0,0.0,0.4150,4.201695e-06,4.247476e-06
TSMC16,0.0,0.0,0.4200,4.615341e-06,4.664305e-06
TSMC16,0.0,0.0,0.4250,5.056857e-06,5.108973e-06
TSMC16,0.0,0.0,0.4300,5.526883e-06,5.582072e-06
TSMC16,0.0,0.0,0.4350,6.025984e-06,6.084190e-06
TSMC16,0.0,0.0,0.4400,6.554641e-06,6.615764e-06
TSMC16,0.0,0.0,0.4450,7.113255e-06,7.177158e-06
TSMC16,0.0,0.0,0.4500,7.702132e-06,7.768652e-06
TSMC16,0.0,0.0,0.4550,8.321490e-06,8.390479e-06
TSMC16,0.0,0.0,0.4600,8.971447e-06,9.042698e-06
TSMC16,0.0,0.0,0.4650,9.652027e-06,9.725273e-06
TSMC16,0.0,0.0,0.4700,1.036315e-05,1.043811e-05
TSMC16,0.0,0.0,0.4750,1.110465e-05,1.118102e-05
TSMC16,0.0,0.0,0.4800,1.187625e-05,1.195360e-05
TSMC16,0.0,0.0,0.4850,1.267759e-05,1.275553e-05
TSMC16,0.0,0.0,0.4900,1.350822e-05,1.358630e-05
TSMC16,0.0,0.0,0.4950,1.435332e-05,1.444531e-05
TSMC16,0.0,0.0,0.5000,1.524119e-05,1.533201e-05
TSMC16,0.0,0.0,0.5050,1.615658e-05,1.624569e-05
TSMC16,0.0,0.0,0.5100,1.709878e-05,1.718563e-05
TSMC16,0.0,0.0,0.5150,1.806702e-05,1.815109e-05
TSMC16,0.0,0.0,0.5200,1.906052e-05,1.914131e-05
TSMC16,0.0,0.0,0.5250,2.007847e-05,2.015551e-05
TSMC16,0.0,0.0,0.5300,2.112005e-05,2.119296e-05
TSMC16,0.0,0.0,0.5350,2.218444e-05,2.225287e-05
TSMC16,0.0,0.0,0.5400,2.327085e-05,2.333446e-05
TSMC16,0.0,0.0,0.5450,2.437847e-05,2.443705e-05
TSMC16,0.0,0.0,0.5500,2.550656e-05,2.555985e-05
TSMC16,0.0,0.0,0.5550,2.665436e-05,2.670222e-05
TSMC16,0.0,0.0,0.5600,2.782116e-05,2.786345e-05
TSMC16,0.0,0.0,0.5650,2.900628e-05,2.904289e-05
TSMC16,0.0,0.0,0.5700,3.020907e-05,3.023994e-05
TSMC16,0.0,0.0,0.5750,3.142889e-05,3.145399e-05
TSMC16,0.0,0.0,0.5800,3.266514e-05,3.268450e-05
TSMC16,0.0,0.0,0.5850,3.391726e-05,3.393091e-05
TSMC16,0.0,0.0,0.5900,3.518470e-05,3.519269e-05
TSMC16,0.0,0.0,0.5950,3.646692e-05,3.646940e-05
TSMC16,0.0,0.0,0.6000,3.776342e-05,3.776051e-05
TSMC16,0.0,0.0,0.6050,3.907371e-05,3.906558e-05
TSMC16,0.0,0.0,0.6100,4.039732e-05,4.038419e-05
TSMC16,0.0,0.0,0.6150,4.173380e-05,4.171588e-05
TSMC16,0.0,0.0,0.6200,4.308269e-05,4.306022e-05
TSMC16,0.0,0.0,0.6250,4.444356e-05,4.441690e-05
TSMC16,0.0,0.0,0.6300,4.581601e-05,4.578541e-05
TSMC16,0.0,0.0,0.6350,4.719961e-05,4.716549e-05
TSMC16,0.0,0.0,0.6400,4.859396e-05,4.855667e-05
TSMC16,0.0,0.0,0.6450,4.999867e-05,4.995864e-05
TSMC16,0.0,0.0,0.6500,5.141337e-05,5.137104e-05
TSMC16,0.0,0.0,0.6550,5.283766e-05,5.279351e-05
TSMC16,0.0,0.0,0.6600,5.427118e-05,5.422572e-05
TSMC16,0.0,0.0,0.6650,5.571357e-05,5.566722e-05
TSMC16,0.0,0.0,0.6700,5.716446e-05,5.711778e-05
TSMC16,0.0,0.0,0.6750,5.862351e-05,5.857696e-05
TSMC16,0.0,0.0,0.6800,6.009038e-05,6.004448e-05
TSMC16,0.0,0.0,0.6850,6.156471e-05,6.152003e-05
TSMC16,0.0,0.0,0.6900,6.304619e-05,6.300317e-05
TSMC16,0.0,0.0,0.6950,6.453447e-05,6.449363e-05
TSMC16,0.0,0.0,0.7000,6.602923e-05,6.599105e-05
TSMC16,0.0,0.0,0.7050,6.753016e-05,6.749511e-05
TSMC16,0.0,0.0,0.7100,6.903694e-05,6.900544e-05
TSMC16,0.0,0.0,0.7150,7.054926e-05,7.052178e-05
TSMC16,0.0,0.0,0.7200,7.206681e-05,7.204369e-05
TSMC16,0.0,0.0,0.7250,7.358931e-05,7.357091e-05
TSMC16,0.0,0.0,0.7300,7.511644e-05,7.510308e-05
TSMC16,0.0,0.0,0.7350,7.664793e-05,7.663984e-05
TSMC16,0.0,0.0,0.7400,7.818348e-05,7.818094e-05
TSMC16,0.0,0.0,0.7450,7.972282e-05,7.972606e-05
TSMC16,0.0,0.0,0.7500,8.126566e-05,8.127483e-05
TSMC16,0.0,0.0,0.7550,8.281173e-05,8.282694e-05
TSMC16,0.0,0.0,0.7600,8.436077e-05,8.438212e-05
TSMC16,0.0,0.0,0.7650,8.591251e-05,8.594007e-05
TSMC16,0.0,0.0,0.7700,8.746669e-05,8.750036e-05
TSMC16,0.0,0.0,0.7750,8.902305e-05,8.906285e-05
TSMC16,0.0,0.0,0.7800,9.058134e-05,9.062718e-05
TSMC16,0.0,0.0,0.7850,9.214131e-05,9.219309e-05
TSMC16,0.0,0.0,0.7900,9.370273e-05,9.376015e-05
TSMC16,0.0,0.0,0.7950,9.526533e-05,9.532830e-05
TSMC16,0.0,0.0,0.8000,9.682890e-05,9.532830e-05
TSMC16,0.1,0.08,0.0000,1.705303e-12,0.000000e+00
TSMC16,0.1,0.08,0.0050,1.705303e-12,0.000000e+00
TSMC16,0.1,0.08,0.0100,1.705303e-12,0.000000e+00
TSMC16,0.1,0.08,0.0150,1.818989e-12,0.000000e+00
TSMC16,0.1,0.08,0.0200,2.160050e-12,2.994993e-10
TSMC16,0.1,0.08,0.0250,2.160050e-12,8.997278e-10
TSMC16,0.1,0.08,0.0300,2.387424e-12,1.492261e-09
TSMC16,0.1,0.08,0.0350,2.728484e-12,2.080947e-09
TSMC16,0.1,0.08,0.0400,3.183231e-12,2.661937e-09
TSMC16,0.1,0.08,0.0450,3.751666e-12,3.239080e-09
TSMC16,0.1,0.08,0.0500,4.320100e-12,3.793137e-09
TSMC16,0.1,0.08,0.0550,4.888534e-12,4.347194e-09
TSMC16,0.1,0.08,0.0600,5.570655e-12,4.878165e-09
TSMC16,0.1,0.08,0.0650,6.707523e-12,5.393746e-09
TSMC16,0.1,0.08,0.0700,7.730705e-12,5.886241e-09
TSMC16,0.1,0.08,0.0750,9.208634e-12,6.359498e-09
TSMC16,0.1,0.08,0.0800,1.080025e-11,6.786584e-09
TSMC16,0.1,0.08,0.0850,1.261924e-11,7.194432e-09
TSMC16,0.1,0.08,0.0900,1.477929e-11,7.556108e-09
TSMC16,0.1,0.08,0.0950,1.750777e-11,7.894698e-09
TSMC16,0.1,0.08,0.1000,2.057732e-11,8.194812e-09
TSMC16,0.1,0.08,0.1050,2.432898e-11,8.441060e-09
TSMC16,0.1,0.08,0.1100,2.887646e-11,8.637289e-09
TSMC16,0.1,0.08,0.1150,3.410605e-11,8.802736e-09
TSMC16,0.1,0.08,0.1200,4.013145e-11,8.895079e-09
TSMC16,0.1,0.08,0.1250,4.763478e-11,8.948946e-09
TSMC16,0.1,0.08,0.1300,5.604761e-11,8.948946e-09
TSMC16,0.1,0.08,0.1350,6.627943e-11,8.898927e-09
TSMC16,0.1,0.08,0.1400,7.935341e-11,8.810431e-09
TSMC16,0.1,0.08,0.1450,9.367795e-11,8.671917e-09
TSMC16,0.1,0.08,0.1500,1.107310e-10,8.502622e-09
TSMC16,0.1,0.08,0.1550,1.306262e-10,8.306393e-09
TSMC16,0.1,0.08,0.1600,1.545004e-10,8.094774e-09
TSMC16,0.1,0.08,0.1650,1.825811e-10,7.871612e-09
TSMC16,0.1,0.08,0.1700,2.155502e-10,7.679231e-09
TSMC16,0.1,0.08,0.1750,2.547722e-10,7.533022e-09
TSMC16,0.1,0.08,0.1800,3.010427e-10,7.459917e-09
TSMC16,0.1,0.08,0.1850,3.557261e-10,7.494546e-09
TSMC16,0.1,0.08,0.1900,4.206413e-10,7.667689e-09
TSMC16,0.1,0.08,0.1950,4.966978e-10,8.056298e-09
TSMC16,0.1,0.08,0.2000,5.869651e-10,8.683460e-09
TSMC16,0.1,0.08,0.2050,6.934897e-10,9.633822e-09
TSMC16,0.1,0.08,0.2100,8.193410e-10,1.096895e-08
TSMC16,0.1,0.08,0.2150,9.679297e-10,1.277348e-08
TSMC16,0.1,0.08,0.2200,1.143803e-09,1.513592e-08
TSMC16,0.1,0.08,0.2250,1.351282e-09,1.815245e-08
TSMC16,0.1,0.08,0.2300,1.596391e-09,2.194235e-08
TSMC16,0.1,0.08,0.2350,1.885951e-09,2.661721e-08
TSMC16,0.1,0.08,0.2400,2.228035e-09,3.229630e-08
TSMC16,0.1,0.08,0.2450,2.631964e-09,3.912967e-08
TSMC16,0.1,0.08,0.2500,3.108767e-09,4.727893e-08
TSMC16,0.1,0.08,0.2550,3.671971e-09,5.688644e-08
TSMC16,0.1,0.08,0.2600,4.336584e-09,6.815613e-08
TSMC16,0.1,0.08,0.2650,5.121137e-09,8.127654e-08
TSMC16,0.1,0.08,0.2700,6.047003e-09,9.649391e-08
TSMC16,0.1,0.08,0.2750,7.139420e-09,1.140391e-07
TSMC16,0.1,0.08,0.2800,8.427492e-09,1.342123e-07
TSMC16,0.1,0.08,0.2850,9.946802e-09,1.573482e-07
TSMC16,0.1,0.08,0.2900,1.173714e-08,1.838008e-07
TSMC16,0.1,0.08,0.2950,1.384672e-08,2.140166e-07
TSMC16,0.1,0.08,0.3000,1.633100e-08,2.484765e-07
TSMC16,0.1,0.08,0.3050,1.925559e-08,2.877309e-07
TSMC16,0.1,0.08,0.3100,2.269553e-08,3.324379e-07
TSMC16,0.1,0.08,0.3150,2.674005e-08,3.832903e-07
TSMC16,0.1,0.08,0.3200,3.149103e-08,4.410812e-07
TSMC16,0.1,0.08,0.3250,3.706805e-08,5.066767e-07
TSMC16,0.1,0.08,0.3300,4.360948e-08,5.810050e-07
TSMC16,0.1,0.08,0.3350,5.127413e-08,6.650946e-07
TSMC16,0.1,0.08,0.3400,6.024686e-08,7.599861e-07
TSMC16,0.1,0.08,0.3450,7.073902e-08,8.668208e-07
TSMC16,0.1,0.08,0.3500,8.299412e-08,9.867218e-07
TSMC16,0.1,0.08,0.3550,9.729126e-08,1.120852e-06
TSMC16,0.1,0.08,0.3600,1.139482e-07,1.270422e-06
TSMC16,0.1,0.08,0.3650,1.333276e-07,1.436562e-06
TSMC16,0.1,0.08,0.3700,1.558395e-07,1.620448e-06
TSMC16,0.1,0.08,0.3750,1.819465e-07,1.823205e-06
TSMC16,0.1,0.08,0.3800,2.121657e-07,2.045924e-06
TSMC16,0.1,0.08,0.3850,2.470731e-07,2.289675e-06
TSMC16,0.1,0.08,0.3900,2.873053e-07,2.555457e-06
TSMC16,0.1,0.08,0.3950,3.335587e-07,2.844241e-06
TSMC16,0.1,0.08,0.4000,3.865905e-07,3.156982e-06
TSMC16,0.1,0.08,0.4050,4.472161e-07,3.494536e-06
TSMC16,0.1,0.08,0.4100,5.163065e-07,3.857746e-06
TSMC16,0.1,0.08,0.4150,5.947834e-07,4.247394e-06
TSMC16,0.1,0.08,0.4200,6.836151e-07,4.664211e-06
TSMC16,0.1,0.08,0.4250,7.838097e-07,5.108879e-06
TSMC16,0.1,0.08,0.4300,8.964087e-07,5.581977e-06
TSMC16,0.1,0.08,0.4350,1.022480e-06,6.084083e-06
TSMC16,0.1,0.08,0.4400,1.163112e-06,6.615645e-06
TSMC16,0.1,0.08,0.4450,1.319403e-06,7.177039e-06
TSMC16,0.1,0.08,0.4500,1.492460e-06,7.768524e-06
TSMC16,0.1,0.08,0.4550,1.683385e-06,8.390355e-06
TSMC16,0.1,0.08,0.4600,1.893273e-06,9.042557e-06
TSMC16,0.1,0.08,0.4650,2.123203e-06,9.725127e-06
TSMC16,0.1,0.08,0.4700,2.374232e-06,1.043797e-05
TSMC16,0.1,0.08,0.4750,2.647390e-06,1.118086e-05
TSMC16,0.1,0.08,0.4800,2.943673e-06,1.195344e-05
TSMC16,0.1,0.08,0.4850,3.264036e-06,1.275537e-05
TSMC16,0.1,0.08,0.4900,3.609388e-06,1.358613e-05
TSMC16,0.1,0.08,0.4950,3.980591e-06,1.444515e-05
TSMC16,0.1,0.08,0.5000,4.378444e-06,1.533183e-05
TSMC16,0.1,0.08,0.5050,4.803689e-06,1.624550e-05
TSMC16,0.1,0.08,0.5100,5.256996e-06,1.718543e-05
TSMC16,0.1,0.08,0.5150,5.738966e-06,1.815089e-05
TSMC16,0.1,0.08,0.5200,6.250120e-06,1.914110e-05
TSMC16,0.1,0.08,0.5250,6.790895e-06,2.015529e-05
TSMC16,0.1,0.08,0.5300,7.361643e-06,2.119275e-05
TSMC16,0.1,0.08,0.5350,7.962625e-06,2.225265e-05
TSMC16,0.1,0.08,0.5400,8.594007e-06,2.333424e-05
TSMC16,0.1,0.08,0.5450,9.255858e-06,2.443682e-05
TSMC16,0.1,0.08,0.5500,9.948152e-06,2.555963e-05
TSMC16,0.1,0.08,0.5550,1.067076e-05,2.670200e-05
TSMC16,0.1,0.08,0.5600,1.142347e-05,2.786323e-05
TSMC16,0.1,0.08,0.5650,1.220596e-05,2.904265e-05
TSMC16,0.1,0.08,0.5700,1.301783e-05,3.023970e-05
TSMC16,0.1,0.08,0.5750,1.385859e-05,3.145377e-05
TSMC16,0.1,0.08,0.5800,1.471362e-05,3.268426e-05
TSMC16,0.1,0.08,0.5850,1.561075e-05,3.393067e-05
TSMC16,0.1,0.08,0.5900,1.653493e-05,3.519246e-05
TSMC16,0.1,0.08,0.5950,1.748543e-05,3.646916e-05
TSMC16,0.1,0.08,0.6000,1.846148e-05,3.776028e-05
TSMC16,0.1,0.08,0.6050,1.946229e-05,3.906535e-05
TSMC16,0.1,0.08,0.6100,2.048705e-05,4.038395e-05
TSMC16,0.1,0.08,0.6150,2.153496e-05,4.171563e-05
TSMC16,0.1,0.08,0.6200,2.260521e-05,4.305998e-05
TSMC16,0.1,0.08,0.6250,2.369701e-05,4.441666e-05
TSMC16,0.1,0.08,0.6300,2.480959e-05,4.578516e-05
TSMC16,0.1,0.08,0.6350,2.594221e-05,4.716524e-05
TSMC16,0.1,0.08,0.6400,2.709413e-05,4.855642e-05
TSMC16,0.1,0.08,0.6450,2.826467e-05,4.995840e-05
TSMC16,0.1,0.08,0.6500,2.945315e-05,5.137080e-05
TSMC16,0.1,0.08,0.6550,3.065894e-05,5.279328e-05
TSMC16,0.1,0.08,0.6600,3.188143e-05,5.422547e-05
TSMC16,0.1,0.08,0.6650,3.312002e-05,5.566698e-05
TSMC16,0.1,0.08,0.6700,3.437416e-05,5.711755e-05
TSMC16,0.1,0.08,0.6750,3.564331e-05,5.857674e-05
TSMC16,0.1,0.08,0.6800,3.692695e-05,6.004426e-05
TSMC16,0.1,0.08,0.6850,3.822459e-05,6.151981e-05
TSMC16,0.1,0.08,0.6900,3.953573e-05,6.300295e-05
TSMC16,0.1,0.08,0.6950,4.085992e-05,6.449342e-05
TSMC16,0.1,0.08,0.7000,4.219669e-05,6.599082e-05
TSMC16,0.1,0.08,0.7050,4.354563e-05,6.749490e-05
TSMC16,0.1,0.08,0.7100,4.490628e-05,6.900523e-05
TSMC16,0.1,0.08,0.7150,4.627825e-05,7.052156e-05
TSMC16,0.1,0.08,0.7200,4.766112e-05,7.204348e-05
TSMC16,0.1,0.08,0.7250,4.905449e-05,7.357072e-05
TSMC16,0.1,0.08,0.7300,5.045798e-05,7.510289e-05
TSMC16,0.1,0.08,0.7350,5.187120e-05,7.663965e-05
TSMC16,0.1,0.08,0.7400,5.329379e-05,7.818077e-05
TSMC16,0.1,0.08,0.7450,5.472536e-05,7.972589e-05
TSMC16,0.1,0.08,0.7500,5.616556e-05,8.127466e-05
TSMC16,0.1,0.08,0.7550,5.761404e-05,8.282678e-05
TSMC16,0.1,0.08,0.7600,5.907045e-05,8.438196e-05
TSMC16,0.1,0.08,0.7650,6.053444e-05,8.593989e-05
TSMC16,0.1,0.08,0.7700,6.200568e-05,8.750021e-05
TSMC16,0.1,0.08,0.7750,6.348384e-05,8.906269e-05
TSMC16,0.1,0.08,0.7800,6.496858e-05,9.062704e-05
TSMC16,0.1,0.08,0.7850,6.645960e-05,9.219295e-05
TSMC16,0.1,0.08,0.7900,6.795656e-05,9.376005e-05
TSMC16,0.1,0.08,0.7950,6.945917e-05,9.532817e-05
TSMC16,0.1,0.08,0.8000,7.096711e-05,9.532817e-05
TSMC16,0.2,0.16,0.0000,1.023182e-12,0.000000e+00
TSMC16,0.2,0.16,0.0050,9.094947e-13,0.000000e+00
TSMC16,0.2,0.16,0.0100,7.958079e-13,0.000000e+00
TSMC16,0.2,0.16,0.0150,6.821210e-13,0.000000e+00
TSMC16,0.2,0.16,0.0200,6.821210e-13,2.994989e-10
TSMC16,0.2,0.16,0.0250,6.821210e-13,8.997266e-10
TSMC16,0.2,0.16,0.0300,5.684342e-13,1.492259e-09
TSMC16,0.2,0.16,0.0350,6.821210e-13,2.080944e-09
TSMC16,0.2,0.16,0.0400,5.684342e-13,2.661934e-09
TSMC16,0.2,0.16,0.0450,5.684342e-13,3.239076e-09
TSMC16,0.2,0.16,0.0500,5.684342e-13,3.793132e-09
TSMC16,0.2,0.16,0.0550,6.821210e-13,4.347188e-09
TSMC16,0.2,0.16,0.0600,6.821210e-13,4.878159e-09
TSMC16,0.2,0.16,0.0650,4.547474e-13,5.393739e-09
TSMC16,0.2,0.16,0.0700,6.821210e-13,5.886234e-09
TSMC16,0.2,0.16,0.0750,6.821210e-13,6.359490e-09
TSMC16,0.2,0.16,0.0800,9.094947e-13,6.786575e-09
TSMC16,0.2,0.16,0.0850,9.094947e-13,7.194422e-09
TSMC16,0.2,0.16,0.0900,1.023182e-12,7.556098e-09
TSMC16,0.2,0.16,0.0950,1.250555e-12,7.894688e-09
TSMC16,0.2,0.16,0.1000,1.477929e-12,8.194802e-09
TSMC16,0.2,0.16,0.1050,1.591616e-12,8.441049e-09
TSMC16,0.2,0.16,0.1100,1.932676e-12,8.637277e-09
TSMC16,0.2,0.16,0.1150,2.046363e-12,8.802725e-09
TSMC16,0.2,0.16,0.1200,2.614797e-12,8.895067e-09
TSMC16,0.2,0.16,0.1250,2.955858e-12,8.948934e-09
TSMC16,0.2,0.16,0.1300,3.524292e-12,8.948934e-09
TSMC16,0.2,0.16,0.1350,4.320100e-12,8.898915e-09
TSMC16,0.2,0.16,0.1400,5.002221e-12,8.810420e-09
TSMC16,0.2,0.16,0.1450,5.798029e-12,8.671906e-09
TSMC16,0.2,0.16,0.1500,6.934897e-12,8.502611e-09
TSMC16,0.2,0.16,0.1550,8.185452e-12,8.306382e-09
TSMC16,0.2,0.16,0.1600,9.663381e-12,8.094764e-09
TSMC16,0.2,0.16,0.1650,1.125500e-11,7.871602e-09
TSMC16,0.2,0.16,0.1700,1.341505e-11,7.679221e-09
TSMC16,0.2,0.16,0.1750,1.568878e-11,7.533012e-09
TSMC16,0.2,0.16,0.1800,1.864464e-11,7.459907e-09
TSMC16,0.2,0.16,0.1850,2.194156e-11,7.494536e-09
TSMC16,0.2,0.16,0.1900,2.603429e-11,7.667679e-09
TSMC16,0.2,0.16,0.1950,3.080913e-11,8.056288e-09
TSMC16,0.2,0.16,0.2000,3.615241e-11,8.683449e-09
TSMC16,0.2,0.16,0.2050,4.297362e-11,9.633809e-09
TSMC16,0.2,0.16,0.2100,5.070433e-11,1.096893e-08
TSMC16,0.2,0.16,0.2150,5.979928e-11,1.277346e-08
TSMC16,0.2,0.16,0.2200,7.094059e-11,1.513590e-08
TSMC16,0.2,0.16,0.2250,8.469669e-11,1.815243e-08
TSMC16,0.2,0.16,0.2300,9.981704e-11,2.194233e-08
TSMC16,0.2,0.16,0.2350,1.181206e-10,2.661718e-08
TSMC16,0.2,0.16,0.2400,1.396074e-10,3.229626e-08
TSMC16,0.2,0.16,0.2450,1.649596e-10,3.912962e-08
TSMC16,0.2,0.16,0.2500,1.948592e-10,4.727887e-08
TSMC16,0.2,0.16,0.2550,2.304432e-10,5.688637e-08
TSMC16,0.2,0.16,0.2600,2.720526e-10,6.815605e-08
TSMC16,0.2,0.16,0.2650,3.217338e-10,8.127643e-08
TSMC16,0.2,0.16,0.2700,3.800551e-10,9.649379e-08
TSMC16,0.2,0.16,0.2750,4.490630e-10,1.140390e-07
TSMC16,0.2,0.16,0.2800,5.305765e-10,1.342121e-07
TSMC16,0.2,0.16,0.2850,6.268692e-10,1.573480e-07
TSMC16,0.2,0.16,0.2900,7.407834e-10,1.838006e-07
TSMC16,0.2,0.16,0.2950,8.753886e-10,2.140163e-07
TSMC16,0.2,0.16,0.3000,1.034095e-09,2.484762e-07
TSMC16,0.2,0.16,0.3050,1.221906e-09,2.877305e-07
TSMC16,0.2,0.16,0.3100,1.443709e-09,3.324375e-07
TSMC16,0.2,0.16,0.3150,1.705303e-09,3.832898e-07
TSMC16,0.2,0.16,0.3200,2.014531e-09,4.410806e-07
TSMC16,0.2,0.16,0.3250,2.380148e-09,5.066760e-07
TSMC16,0.2,0.16,0.3300,2.811476e-09,5.810042e-07
TSMC16,0.2,0.16,0.3350,3.320906e-09,6.650937e-07
TSMC16,0.2,0.16,0.3400,3.922651e-09,7.599851e-07
TSMC16,0.2,0.16,0.3450,4.632511e-09,8.668197e-07
TSMC16,0.2,0.16,0.3500,5.470724e-09,9.867205e-07
TSMC16,0.2,0.16,0.3550,6.459459e-09,1.120851e-06
TSMC16,0.2,0.16,0.3600,7.626227e-09,1.270421e-06
TSMC16,0.2,0.16,0.3650,9.002406e-09,1.436560e-06
TSMC16,0.2,0.16,0.3700,1.062483e-08,1.620446e-06
TSMC16,0.2,0.16,0.3750,1.253738e-08,1.823202e-06
TSMC16,0.2,0.16,0.3800,1.479043e-08,2.045921e-06
TSMC16,0.2,0.16,0.3850,1.744388e-08,2.289672e-06
TSMC16,0.2,0.16,0.3900,2.056709e-08,2.555454e-06
TSMC16,0.2,0.16,0.3950,2.424133e-08,2.844238e-06
TSMC16,0.2,0.16,0.4000,2.856052e-08,3.156978e-06
TSMC16,0.2,0.16,0.4050,3.363459e-08,3.494532e-06
TSMC16,0.2,0.16,0.4100,3.959110e-08,3.857741e-06
TSMC16,0.2,0.16,0.4150,4.657693e-08,4.247388e-06
TSMC16,0.2,0.16,0.4200,5.476272e-08,4.664205e-06
TSMC16,0.2,0.16,0.4250,6.434516e-08,5.108872e-06
TSMC16,0.2,0.16,0.4300,7.555013e-08,5.581970e-06
TSMC16,0.2,0.16,0.4350,8.863765e-08,6.084075e-06
TSMC16,0.2,0.16,0.4400,1.039047e-07,6.615636e-06
TSMC16,0.2,0.16,0.4450,1.216899e-07,7.177029e-06
TSMC16,0.2,0.16,0.4500,1.423780e-07,7.768514e-06
TSMC16,0.2,0.16,0.4550,1.664034e-07,8.390344e-06
TSMC16,0.2,0.16,0.4600,1.942544e-07,9.042545e-06
TSMC16,0.2,0.16,0.4650,2.264759e-07,9.725114e-06
TSMC16,0.2,0.16,0.4700,2.636715e-07,1.043795e-05
TSMC16,0.2,0.16,0.4750,3.065053e-07,1.118085e-05
TSMC16,0.2,0.16,0.4800,3.557010e-07,1.195343e-05
TSMC16,0.2,0.16,0.4850,4.120421e-07,1.275536e-05
TSMC16,0.2,0.16,0.4900,4.763682e-07,1.358611e-05
TSMC16,0.2,0.16,0.4950,5.495718e-07,1.444513e-05
TSMC16,0.2,0.16,0.5000,6.325938e-07,1.533181e-05
TSMC16,0.2,0.16,0.5050,7.264176e-07,1.624548e-05
TSMC16,0.2,0.16,0.5100,8.320640e-07,1.718541e-05
TSMC16,0.2,0.16,0.5150,9.505826e-07,1.815087e-05
TSMC16,0.2,0.16,0.5200,1.083046e-06,1.914108e-05
TSMC16,0.2,0.16,0.5250,1.230544e-06,2.015526e-05
TSMC16,0.2,0.16,0.5300,1.394174e-06,2.119272e-05
TSMC16,0.2,0.16,0.5350,1.575034e-06,2.225262e-05
TSMC16,0.2,0.16,0.5400,1.774220e-06,2.333421e-05
TSMC16,0.2,0.16,0.5450,1.992812e-06,2.443679e-05
TSMC16,0.2,0.16,0.5500,2.231874e-06,2.555960e-05
TSMC16,0.2,0.16,0.5550,2.492445e-06,2.670196e-05
TSMC16,0.2,0.16,0.5600,2.775534e-06,2.786319e-05
TSMC16,0.2,0.16,0.5650,3.082111e-06,2.904261e-05
TSMC16,0.2,0.16,0.5700,3.413104e-06,3.023966e-05
TSMC16,0.2,0.16,0.5750,3.769395e-06,3.145372e-05
TSMC16,0.2,0.16,0.5800,4.151808e-06,3.268421e-05
TSMC16,0.2,0.16,0.5850,4.561111e-06,3.393063e-05
TSMC16,0.2,0.16,0.5900,4.998005e-06,3.519241e-05
TSMC16,0.2,0.16,0.5950,5.463121e-06,3.646911e-05
TSMC16,0.2,0.16,0.6000,5.957014e-06,3.776023e-05
TSMC16,0.2,0.16,0.6050,6.480161e-06,3.906530e-05
TSMC16,0.2,0.16,0.6100,7.032952e-06,4.038390e-05
TSMC16,0.2,0.16,0.6150,7.615688e-06,4.171557e-05
TSMC16,0.2,0.16,0.6200,8.228580e-06,4.305992e-05
TSMC16,0.2,0.16,0.6250,8.871743e-06,4.441660e-05
TSMC16,0.2,0.16,0.6300,9.545196e-06,4.578510e-05
TSMC16,0.2,0.16,0.6350,1.024886e-05,4.716518e-05
TSMC16,0.2,0.16,0.6400,1.098257e-05,4.855636e-05
TSMC16,0.2,0.16,0.6450,1.174605e-05,4.995833e-05
TSMC16,0.2,0.16,0.6500,1.253894e-05,5.137074e-05
TSMC16,0.2,0.16,0.6550,1.336081e-05,5.279321e-05
TSMC16,0.2,0.16,0.6600,1.419700e-05,5.422540e-05
TSMC16,0.2,0.16,0.6650,1.507551e-05,5.566691e-05
TSMC16,0.2,0.16,0.6700,1.598126e-05,5.711747e-05
TSMC16,0.2,0.16,0.6750,1.691356e-05,5.857666e-05
TSMC16,0.2,0.16,0.6800,1.787167e-05,6.004418e-05
TSMC16,0.2,0.16,0.6850,1.885482e-05,6.151973e-05
TSMC16,0.2,0.16,0.6900,1.986220e-05,6.300287e-05
TSMC16,0.2,0.16,0.6950,2.089304e-05,6.449333e-05
TSMC16,0.2,0.16,0.7000,2.194653e-05,6.599074e-05
TSMC16,0.2,0.16,0.7050,2.302187e-05,6.749481e-05
TSMC16,0.2,0.16,0.7100,2.411830e-05,6.900514e-05
TSMC16,0.2,0.16,0.7150,2.523507e-05,7.052147e-05
TSMC16,0.2,0.16,0.7200,2.637143e-05,7.204338e-05
TSMC16,0.2,0.16,0.7250,2.752668e-05,7.357063e-05
TSMC16,0.2,0.16,0.7300,2.870015e-05,7.510279e-05
TSMC16,0.2,0.16,0.7350,2.989117e-05,7.663955e-05
TSMC16,0.2,0.16,0.7400,3.109914e-05,7.818067e-05
TSMC16,0.2,0.16,0.7450,3.232344e-05,7.972578e-05
TSMC16,0.2,0.16,0.7500,3.356350e-05,8.127455e-05
TSMC16,0.2,0.16,0.7550,3.481877e-05,8.282667e-05
TSMC16,0.2,0.16,0.7600,3.608872e-05,8.438185e-05
TSMC16,0.2,0.16,0.7650,3.737284e-05,8.593978e-05
TSMC16,0.2,0.16,0.7700,3.867064e-05,8.750010e-05
TSMC16,0.2,0.16,0.7750,3.998164e-05,8.906257e-05
TSMC16,0.2,0.16,0.7800,4.130538e-05,9.062692e-05
TSMC16,0.2,0.16,0.7850,4.264142e-05,9.219283e-05
TSMC16,0.2,0.16,0.7900,4.398931e-05,9.375993e-05
TSMC16,0.2,0.16,0.7950,4.534864e-05,9.532805e-05
TSMC16,0.2,0.16,0.8000,4.671898e-05,9.532805e-05
