region,tech,device,dtype,vgs_V,vds_V,vbs_V,id_raw_nn_A,id_postclamp_A,id_osdi_A,ratio_raw_over_osdi,sign_match
sram_state1,TSMC5,Mpl,pmos,-0.5656291677296031,0.02590291346237583,0.0,-5.592044456541558e-06,-0.0,-8.029108822249498e-06,0.6964713743878299,Y
sram_state1,TSMC5,Mnl,nmos,0.08437083227039689,0.6759029134623759,0.0,-5.530766575798369e-09,-1.0377783139288183e-06,-0.0,nan,Y
sram_state1,TSMC5,Mpr,pmos,0.02590291346237583,-0.5656291677296031,0.0,-2.0756494380513014e-08,0.0,-0.0,nan,Y
sram_state1,TSMC5,Mnr,nmos,0.6759029134623759,0.08437083227039689,0.0,-5.276286503566226e-05,-4.6698359837256386e-05,-5.4268942159541034e-05,0.9722478997388382,Y
sram_state1,TSMC5,Mal,nmos,0.5656291677296031,0.5656291677296031,-0.08437083227039689,-5.274328378714209e-05,-5.274325727414663e-05,-4.8715630862616877e-05,1.0826768093362809,Y
sram_state1,TSMC5,Mar,nmos,-0.02590291346237583,-0.02590291346237583,-0.6759029134623759,2.095069549117281e-07,0.0,-0.0,nan,n
sram_state1,TSMC7,Mpl,pmos,0.03458852290863024,-0.6326526442717375,0.0,3.196281958244242e-07,3.1962794525867954e-07,-0.0,nan,n
sram_state1,TSMC7,Mnl,nmos,0.7845885229086302,0.11734735572826249,0.0,-8.282702824319768e-05,-7.67224719846434e-05,-9.70795964588822e-05,0.8531867793484169,Y
sram_state1,TSMC7,Mpr,pmos,-0.6326526442717375,0.03458852290863024,0.0,-1.0183661943437162e-05,-0.0,-1.371444302566971e-05,0.7425501658635437,Y
sram_state1,TSMC7,Mnr,nmos,0.11734735572826249,0.7845885229086302,0.0,1.3315024326800898e-08,-1.5818394892995208e-06,-2.261746345766369e-08,0.5887054643295662,n
sram_state1,TSMC7,Mal,nmos,-0.03458852290863024,-0.03458852290863024,-0.7845885229086302,-3.387391512731233e-08,-0.0,-0.0,nan,Y
sram_state1,TSMC7,Mar,nmos,0.6326526442717375,0.6326526442717375,-0.11734735572826249,-8.56154464202952e-05,-8.561537930388194e-05,-9.558325875236307e-05,0.8957159186433218,Y
sram_state1,TSMC12,Mpl,pmos,0.036985571726030675,-0.6958301509479574,0.0,4.865565238566403e-09,4.8655627759312585e-09,-0.0,nan,n
sram_state1,TSMC12,Mnl,nmos,0.8369855717260307,0.10416984905204268,0.0,-6.769807637798333e-05,-5.9970057211704006e-05,-6.645894029544408e-05,1.0186451375395191,Y
sram_state1,TSMC12,Mpr,pmos,-0.6958301509479574,0.036985571726030675,0.0,-1.1340775494160929e-05,-0.0,-1.5356266147570352e-05,0.7385112621244359,Y
sram_state1,TSMC12,Mnr,nmos,0.10416984905204268,0.8369855717260307,0.0,1.624424020937859e-08,-1.6936713593828112e-06,-0.0,nan,n
sram_state1,TSMC12,Mal,nmos,-0.036985571726030675,-0.036985571726030675,-0.8369855717260307,1.4480230752271894e-07,0.0,-0.0,nan,n
sram_state1,TSMC12,Mar,nmos,0.6958301509479574,0.6958301509479574,-0.10416984905204268,-6.602582933546592e-05,-6.602579591745182e-05,-6.604492674977536e-05,0.9997108420699475,Y
sram_state1,TSMC16,Mpl,pmos,0.03603508192867744,-0.6936357486114014,0.0,-5.310609406202976e-08,0.0,-0.0,nan,Y
sram_state1,TSMC16,Mnl,nmos,0.8360350819286775,0.10636425138859862,0.0,-6.415031773455838e-05,-5.715453752473315e-05,-6.321290459132545e-05,1.014829458467276,Y
sram_state1,TSMC16,Mpr,pmos,-0.6936357486114014,0.03603508192867744,0.0,-1.0360851396017988e-05,-0.0,-1.436736141169348e-05,0.7211380781153994,Y
sram_state1,TSMC16,Mnr,nmos,0.10636425138859862,0.8360350819286775,0.0,-9.337557929888603e-09,-1.6324964254162181e-06,-0.0,nan,Y
sram_state1,TSMC16,Mal,nmos,-0.03603508192867744,-0.03603508192867744,-0.8360350819286775,-1.7646340530966778e-07,-0.0,-0.0,nan,Y
sram_state1,TSMC16,Mar,nmos,0.6936357486114014,0.6936357486114014,-0.10636425138859862,-6.268748550198304e-05,-6.268745228943924e-05,-6.273396413458698e-05,0.9992591153254043,Y
corridor,TSMC5,Mnr,nmos,0.13,-0.195,0.0,1.629704577854558e-07,0.0,1.2805412841210284e-06,0.1272668517652047,Y
corridor,TSMC5,Mnr,nmos,0.13,-0.17786363636363636,0.0,9.959922301193884e-08,0.0,7.652956601766903e-07,0.13014476390594393,Y
corridor,TSMC5,Mnr,nmos,0.13,-0.16072727272727272,0.0,8.504023555009756e-08,0.0,4.4231013296425203e-07,0.19226381946119828,Y
corridor,TSMC5,Mnr,nmos,0.13,-0.14359090909090907,0.0,9.939305876877128e-08,0.0,2.4901686268563594e-07,0.3991418801796051,Y
corridor,TSMC5,Mnr,nmos,0.13,-0.12645454545454543,0.0,1.1129904808518385e-07,0.0,1.375026481564845e-07,0.8094320333272439,Y
corridor,TSMC5,Mnr,nmos,0.13,-0.10931818181818183,0.0,9.688924848774217e-08,0.0,7.483279274023147e-08,1.2947431859729692,Y
corridor,TSMC5,Mnr,nmos,0.13,-0.09218181818181818,0.0,5.8729916837826794e-08,0.0,4.021188937386455e-08,1.4605112505854527,Y
corridor,TSMC5,Mnr,nmos,0.13,-0.07504545454545454,0.0,2.1408853977660465e-08,0.0,2.1274204620169712e-08,1.0063292310991074,Y
corridor,TSMC5,Mnr,nmos,0.13,-0.0579090909090909,0.0,7.49086355740562e-10,0.0,1.0950587658875577e-08,0.06840604167333604,Y
corridor,TSMC5,Mnr,nmos,0.13,-0.040772727272727266,0.0,-2.9481015910790916e-08,-0.0,5.301578620553471e-09,5.560799531765348,n
corridor,TSMC5,Mnr,nmos,0.13,-0.023636363636363646,0.0,-4.2648367072277924e-08,-0.0,2.178642682926224e-09,19.575659380268434,n
corridor,TSMC5,Mnr,nmos,0.13,-0.006500000000000001,0.0,2.691559420836643e-08,0.0,-0.0,nan,n
corridor,TSMC5,Mnr,nmos,0.26,-0.195,0.0,8.874651713688344e-06,0.0,1.6906256034010525e-05,0.5249330008864823,Y
corridor,TSMC5,Mnr,nmos,0.26,-0.17786363636363636,0.0,7.52501545254087e-06,0.0,1.3285479688596169e-05,0.5664090141208904,Y
corridor,TSMC5,Mnr,nmos,0.26,-0.16072727272727272,0.0,6.197603979524304e-06,0.0,1.0138315520435981e-05,0.6113050996520758,Y
corridor,TSMC5,Mnr,nmos,0.26,-0.14359090909090907,0.0,4.9307487245278915e-06,0.0,7.486751829599569e-06,0.6585965231321971,Y
corridor,TSMC5,Mnr,nmos,0.26,-0.12645454545454543,0.0,3.75401511024317e-06,0.0,5.3288000123608015e-06,0.704476636679041,Y
corridor,TSMC5,Mnr,nmos,0.26,-0.10931818181818183,0.0,2.6893985811122898e-06,0.0,3.638807630212959e-06,0.7390878700985065,Y
corridor,TSMC5,Mnr,nmos,0.26,-0.09218181818181818,0.0,1.7633550845101271e-06,0.0,2.3707791146909685e-06,0.7437871683545605,Y
corridor,TSMC5,Mnr,nmos,0.26,-0.07504545454545454,0.0,1.0214892304170443e-06,0.0,1.4631306582968406e-06,0.6981531175118088,Y
corridor,TSMC5,Mnr,nmos,0.26,-0.0579090909090909,0.0,5.079571449927163e-07,0.0,8.447232427433171e-07,0.6013296654926628,Y
corridor,TSMC5,Mnr,nmos,0.26,-0.040772727272727266,0.0,1.635536884771077e-07,0.0,4.4268792798174417e-07,0.3694559488503884,Y
corridor,TSMC5,Mnr,nmos,0.26,-0.023636363636363646,0.0,-3.7797071685357495e-07,-0.0,1.9144130725123887e-07,1.9743425401788726,n
corridor,TSMC5,Mnr,nmos,0.26,-0.006500000000000001,0.0,-4.007256954181684e-07,-0.0,3.9441233265491427e-08,10.160070115474252,n
corridor,TSMC5,Mnr,nmos,0.39,-0.195,0.0,3.678556878421142e-05,0.0,5.180879814048467e-05,0.7100255189179205,Y
corridor,TSMC5,Mnr,nmos,0.39,-0.17786363636363636,0.0,3.3596803256252964e-05,0.0,4.58851685258832e-05,0.7321930884333891,Y
corridor,TSMC5,Mnr,nmos,0.39,-0.16072727272727272,0.0,3.0188227679883915e-05,0.0,4.010254839315053e-05,0.7527757932969674,Y
corridor,TSMC5,Mnr,nmos,0.39,-0.14359090909090907,0.0,2.661513006980219e-05,0.0,3.447933652478419e-05,0.7719153775093931,Y
corridor,TSMC5,Mnr,nmos,0.39,-0.12645454545454543,0.0,2.294004752532082e-05,0.0,2.9043695920494272e-05,0.7898460164339313,Y
corridor,TSMC5,Mnr,nmos,0.39,-0.10931818181818183,0.0,1.9229693371581557e-05,0.0,2.384011392464469e-05,0.8066108002824133,Y
corridor,TSMC5,Mnr,nmos,0.39,-0.09218181818181818,0.0,1.5555713037931897e-05,0.0,1.8930548434381578e-05,0.8217254292368878,Y
corridor,TSMC5,Mnr,nmos,0.39,-0.07504545454545454,0.0,1.19999849010456e-05,0.0,1.438450732138552e-05,0.8342298163528452,Y
corridor,TSMC5,Mnr,nmos,0.39,-0.0579090909090909,0.0,8.651561949119425e-06,0.0,1.0263919276998212e-05,0.8429101706311999,Y
corridor,TSMC5,Mnr,nmos,0.39,-0.040772727272727266,0.0,5.559391289095146e-06,0.0,6.615852712887893e-06,0.8403136421500548,Y
corridor,TSMC5,Mnr,nmos,0.39,-0.023636363636363646,0.0,2.558342588353169e-06,0.0,3.4722179888257987e-06,0.7368035637700053,Y
corridor,TSMC5,Mnr,nmos,0.39,-0.006500000000000001,0.0,9.929268933550214e-08,0.0,8.528765480311784e-07,0.11642093989419008,Y
corridor,TSMC5,Mnr,nmos,0.52,-0.195,0.0,7.19473031034225e-05,0.0,9.20991222452816e-05,0.7811942323598907,Y
corridor,TSMC5,Mnr,nmos,0.52,-0.17786363636363636,0.0,6.724438161556405e-05,0.0,8.484380162321337e-05,0.7925668148887604,Y
corridor,TSMC5,Mnr,nmos,0.52,-0.16072727272727272,0.0,6.2004469553634e-05,0.0,7.744350491445395e-05,0.8006413142344951,Y
corridor,TSMC5,Mnr,nmos,0.52,-0.14359090909090907,0.0,5.6257137897601954e-05,0.0,6.9848762024316e-05,0.8054135287038805,Y
corridor,TSMC5,Mnr,nmos,0.52,-0.12645454545454543,0.0,5.005186159323686e-05,0.0,6.199176819099428e-05,0.8073952889846435,Y
corridor,TSMC5,Mnr,nmos,0.52,-0.10931818181818183,0.0,4.345405231425753e-05,0.0,5.379943102123974e-05,0.8077046818042014,Y
corridor,TSMC5,Mnr,nmos,0.52,-0.09218181818181818,0.0,3.65417114183621e-05,0.0,4.523996630090288e-05,0.8077307391281769,Y
corridor,TSMC5,Mnr,nmos,0.52,-0.07504545454545454,0.0,2.9406195056533838e-05,0.0,3.6397020494738364e-05,0.8079286341799562,Y
corridor,TSMC5,Mnr,nmos,0.52,-0.0579090909090909,0.0,2.2152324209308825e-05,0.0,2.7489946444192448e-05,0.8058336619272951,Y
corridor,TSMC5,Mnr,nmos,0.52,-0.040772727272727266,0.0,1.4847108910762477e-05,0.0,1.8782668961825344e-05,0.7904685399576781,Y
corridor,TSMC5,Mnr,nmos,0.52,-0.023636363636363646,0.0,7.27484264710183e-06,0.0,1.048619911736548e-05,0.6937540061636307,Y
corridor,TSMC5,Mnr,nmos,0.52,-0.006500000000000001,0.0,-2.7774212909959497e-07,-0.0,2.7565432983087113e-06,0.10075739759647702,n
corridor,TSMC5,Mnr,nmos,0.65,-0.195,0.0,0.00010397254715739403,0.0,0.00012989795908358026,0.800417095779734,Y
corridor,TSMC5,Mnr,nmos,0.65,-0.17786363636363636,0.0,9.8045229917367e-05,0.0,0.00012154750547721527,0.8066412349017407,Y
corridor,TSMC5,Mnr,nmos,0.65,-0.16072727272727272,0.0,9.124371520396309e-05,0.0,0.00011272162761533089,0.8094605900771552,Y
corridor,TSMC5,Mnr,nmos,0.65,-0.14359090909090907,0.0,8.355165246819221e-05,0.0,0.00010330752592269121,0.8087663674253216,Y
corridor,TSMC5,Mnr,nmos,0.65,-0.12645454545454543,0.0,7.499427473803906e-05,0.0,9.316003615755797e-05,0.8050047835018456,Y
corridor,TSMC5,Mnr,nmos,0.65,-0.10931818181818183,0.0,6.564701485031479e-05,0.0,8.212584502731435e-05,0.7993465982417735,Y
corridor,TSMC5,Mnr,nmos,0.65,-0.09218181818181818,0.0,5.563663150097483e-05,0.0,7.012950699325504e-05,0.7933412608522384,Y
corridor,TSMC5,Mnr,nmos,0.65,-0.07504545454545454,0.0,4.513694974100195e-05,0.0,5.7302979694640044e-05,0.787689400822274,Y
corridor,TSMC5,Mnr,nmos,0.65,-0.0579090909090909,0.0,3.434032643111335e-05,0.0,4.399805925148215e-05,0.7804963904165054,Y
corridor,TSMC5,Mnr,nmos,0.65,-0.040772727272727266,0.0,2.333703334306291e-05,0.0,3.061010618587989e-05,0.7623963537188914,Y
corridor,TSMC5,Mnr,nmos,0.65,-0.023636363636363646,0.0,1.176699171330305e-05,0.0,1.7436562950445822e-05,0.674845825220514,Y
corridor,TSMC5,Mnr,nmos,0.65,-0.006500000000000001,0.0,-2.0203650491508077e-08,-0.0,4.688951017392529e-06,0.004308778320901098,n
corridor,TSMC5,Mpr,pmos,-0.13,0.195,0.0,-2.547839322733873e-10,-0.0,-2.967108780893568e-07,0.000858694274756779,Y
corridor,TSMC5,Mpr,pmos,-0.13,0.17786363636363636,0.0,2.5368222532838427e-08,0.0,-1.6475981690078356e-07,0.15397093180866347,n
corridor,TSMC5,Mpr,pmos,-0.13,0.16072727272727272,0.0,3.540695633397121e-08,0.0,-8.980458043872375e-08,0.3942667084573753,n
corridor,TSMC5,Mpr,pmos,-0.13,0.14359090909090907,0.0,3.746484199990695e-08,0.0,-4.833242139845595e-08,0.7751492872878043,n
corridor,TSMC5,Mpr,pmos,-0.13,0.12645454545454543,0.0,3.973485257770046e-08,0.0,-2.5779489654098597e-08,1.5413358879811319,n
corridor,TSMC5,Mpr,pmos,-0.13,0.10931818181818183,0.0,4.5528339095168646e-08,0.0,-1.364676427417777e-08,3.3362003021710267,n
corridor,TSMC5,Mpr,pmos,-0.13,0.09218181818181818,0.0,5.266344786122257e-08,0.0,-7.162478943278927e-09,7.352684493493764,n
corridor,TSMC5,Mpr,pmos,-0.13,0.07504545454545454,0.0,6.097488816092446e-08,0.0,-3.7100322813898856e-09,16.435136822605084,n
corridor,TSMC5,Mpr,pmos,-0.13,0.0579090909090909,0.0,8.81296601567305e-08,0.0,-1.8739801377343213e-09,47.028065229806,n
corridor,TSMC5,Mpr,pmos,-0.13,0.040772727272727266,0.0,1.5070955946039332e-07,0.0,-0.0,nan,n
corridor,TSMC5,Mpr,pmos,-0.13,0.023636363636363646,0.0,2.7914664850276405e-07,0.0,-0.0,nan,n
corridor,TSMC5,Mpr,pmos,-0.13,0.006500000000000001,0.0,3.4416407183832447e-07,0.0,-0.0,nan,n
corridor,TSMC5,Mpr,pmos,-0.26,0.195,0.0,-2.307807921337925e-06,-0.0,-7.416189384823468e-06,0.3111851385646429,Y
corridor,TSMC5,Mpr,pmos,-0.26,0.17786363636363636,0.0,-1.791227618818053e-06,-0.0,-5.458436480587636e-06,0.32815763729931974,Y
corridor,TSMC5,Mpr,pmos,-0.26,0.16072727272727272,0.0,-1.3434918240363103e-06,-0.0,-3.874652071411688e-06,0.34673870047558186,Y
corridor,TSMC5,Mpr,pmos,-0.26,0.14359090909090907,0.0,-9.83789138867918e-07,-0.0,-2.641117907709045e-06,0.3724896703764638,Y
corridor,TSMC5,Mpr,pmos,-0.26,0.12645454545454543,0.0,-7.129218623274393e-07,-0.0,-1.721846720759146e-06,0.41404490523588466,Y
corridor,TSMC5,Mpr,pmos,-0.26,0.10931818181818183,0.0,-5.098128084403437e-07,-0.0,-1.0704178515785756e-06,0.4762745760344974,Y
corridor,TSMC5,Mpr,pmos,-0.26,0.09218181818181818,0.0,-3.4225202062335416e-07,-0.0,-6.335987984273928e-07,0.5401715114877613,Y
corridor,TSMC5,Mpr,pmos,-0.26,0.07504545454545454,0.0,-1.9480439695679945e-07,-0.0,-3.5677338861006547e-07,0.5460171727373714,Y
corridor,TSMC5,Mpr,pmos,-0.26,0.0579090909090909,0.0,-9.562283805674406e-08,-0.0,-1.901632185052904e-07,0.5028461277020498,Y
corridor,TSMC5,Mpr,pmos,-0.26,0.040772727272727266,0.0,-9.324538042156609e-08,-0.0,-9.373612996910197e-08,0.9947645635925267,Y
corridor,TSMC5,Mpr,pmos,-0.26,0.023636363636363646,0.0,-2.990540521615635e-08,-0.0,-3.9013424435463406e-08,0.7665414059108377,Y
corridor,TSMC5,Mpr,pmos,-0.26,0.006500000000000001,0.0,5.6151111846068875e-08,0.0,-7.90168971920302e-09,7.106215738844829,n
corridor,TSMC5,Mpr,pmos,-0.39,0.195,0.0,-1.82995000977634e-05,-0.0,-3.050769267765041e-05,0.5998323206910173,Y
corridor,TSMC5,Mpr,pmos,-0.39,0.17786363636363636,0.0,-1.644712773644014e-05,-0.0,-2.618818059629824e-05,0.6280362882011352,Y
corridor,TSMC5,Mpr,pmos,-0.39,0.16072727272727272,0.0,-1.4488434092409048e-05,-0.0,-2.2123800763607093e-05,0.6548799750647744,Y
corridor,TSMC5,Mpr,pmos,-0.39,0.14359090909090907,0.0,-1.2461604972990816e-05,-0.0,-1.8348417174518517e-05,0.6791651211362771,Y
corridor,TSMC5,Mpr,pmos,-0.39,0.12645454545454543,0.0,-1.0414692695587885e-05,-0.0,-1.4890950666979208e-05,0.6993974346233341,Y
corridor,TSMC5,Mpr,pmos,-0.39,0.10931818181818183,0.0,-8.406850576228461e-06,-0.0,-1.1773434449580122e-05,0.7140525232659086,Y
corridor,TSMC5,Mpr,pmos,-0.39,0.09218181818181818,0.0,-6.50758604796937e-06,-0.0,-9.009761256506543e-06,0.7222817411804128,Y
corridor,TSMC5,Mpr,pmos,-0.39,0.07504545454545454,0.0,-4.788226432809993e-06,-0.0,-6.604827906819821e-06,0.7249585455308996,Y
corridor,TSMC5,Mpr,pmos,-0.39,0.0579090909090909,0.0,-3.2883493780478808e-06,-0.0,-4.553916556349069e-06,0.7220925849998865,Y
corridor,TSMC5,Mpr,pmos,-0.39,0.040772727272727266,0.0,-1.9627145052467617e-06,-0.0,-2.8426962311867143e-06,0.6904411676893825,Y
corridor,TSMC5,Mpr,pmos,-0.39,0.023636363636363646,0.0,-8.329008804430794e-07,-0.0,-1.448636922224411e-06,0.5749548887406123,Y
corridor,TSMC5,Mpr,pmos,-0.39,0.006500000000000001,0.0,9.767530298565243e-08,0.0,-3.455563873239198e-07,0.28266096813338004,n
corridor,TSMC5,Mpr,pmos,-0.52,0.195,0.0,-4.188979861616369e-05,-0.0,-5.9180829264926516e-05,0.7078271652572069,Y
corridor,TSMC5,Mpr,pmos,-0.52,0.17786363636363636,0.0,-3.901444885179129e-05,-0.0,-5.335548608487173e-05,0.7312171946054736,Y
corridor,TSMC5,Mpr,pmos,-0.52,0.16072727272727272,0.0,-3.584779483367439e-05,-0.0,-4.755454732774389e-05,0.7538247517448317,Y
corridor,TSMC5,Mpr,pmos,-0.52,0.14359090909090907,0.0,-3.240200507488866e-05,-0.0,-4.1808741718663e-05,0.7750055070522425,Y
corridor,TSMC5,Mpr,pmos,-0.52,0.12645454545454543,0.0,-2.8695925470336205e-05,-0.0,-3.615190552475056e-05,0.7937596940966282,Y
corridor,TSMC5,Mpr,pmos,-0.52,0.10931818181818183,0.0,-2.475773976050775e-05,-0.0,-3.061742845367199e-05,0.8086159096597324,Y
corridor,TSMC5,Mpr,pmos,-0.52,0.09218181818181818,0.0,-2.063084614907422e-05,-0.0,-2.5235274536683505e-05,0.8175399922471216,Y
corridor,TSMC5,Mpr,pmos,-0.52,0.07504545454545454,0.0,-1.638371425524582e-05,-0.0,-2.0031046113477835e-05,0.817916057026202,Y
corridor,TSMC5,Mpr,pmos,-0.52,0.0579090909090909,0.0,-1.2112216970988289e-05,-0.0,-1.5027760681685098e-05,0.8059894769118799,Y
corridor,TSMC5,Mpr,pmos,-0.52,0.040772727272727266,0.0,-7.889054341725539e-06,-0.0,-1.0249642370951939e-05,0.7696906932171176,Y
corridor,TSMC5,Mpr,pmos,-0.52,0.023636363636363646,0.0,-3.7838976302956628e-06,-0.0,-5.7265943376183515e-06,0.6607588048343159,Y
corridor,TSMC5,Mpr,pmos,-0.52,0.006500000000000001,0.0,1.3428766928143282e-07,0.0,-1.5051620774406138e-06,0.08921807909868175,n
corridor,TSMC5,Mpr,pmos,-0.65,0.195,0.0,-6.324625368838936e-05,-0.0,-8.484113256379544e-05,0.7454668717538863,Y
corridor,TSMC5,Mpr,pmos,-0.65,0.17786363636363636,0.0,-5.941815963744419e-05,-0.0,-7.774355059719795e-05,0.7642841004947072,Y
corridor,TSMC5,Mpr,pmos,-0.65,0.16072727272727272,0.0,-5.511603087121173e-05,-0.0,-7.046703637270113e-05,0.7821533827490953,Y
corridor,TSMC5,Mpr,pmos,-0.65,0.14359090909090907,0.0,-5.033393038690761e-05,-0.0,-6.30405975476922e-05,0.7984367589286953,Y
corridor,TSMC5,Mpr,pmos,-0.65,0.12645454545454543,0.0,-4.508276340715129e-05,-0.0,-5.549921253122925e-05,0.8123135689859265,Y
corridor,TSMC5,Mpr,pmos,-0.65,0.10931818181818183,0.0,-3.939525268499352e-05,-0.0,-4.788007476608236e-05,0.8227901246491081,Y
corridor,TSMC5,Mpr,pmos,-0.65,0.09218181818181818,0.0,-3.3330064439973724e-05,-0.0,-4.021989880031995e-05,0.828695880251906,Y
corridor,TSMC5,Mpr,pmos,-0.65,0.07504545454545454,0.0,-2.6970756148367215e-05,-0.0,-3.255451780370677e-05,0.828479669426903,Y
corridor,TSMC5,Mpr,pmos,-0.65,0.0579090909090909,0.0,-2.0409908415446585e-05,-0.0,-2.4920628900748643e-05,0.8189965227897379,Y
corridor,TSMC5,Mpr,pmos,-0.65,0.040772727272727266,0.0,-1.3694869562879692e-05,-0.0,-1.7358837610392808e-05,0.7889277997900341,Y
corridor,TSMC5,Mpr,pmos,-0.65,0.023636363636363646,0.0,-6.927188748517007e-06,-0.0,-9.919241532319045e-06,0.6983587128054821,Y
corridor,TSMC5,Mpr,pmos,-0.65,0.006500000000000001,0.0,1.7176997833317032e-09,0.0,-2.674601025029477e-06,0.0006422265479064386,n
corridor,TSMC7,Mnr,nmos,0.15000000000000002,-0.22499999999999998,0.0,5.030488084427538e-06,0.0,1.5640041151065986e-05,0.3216416143562814,Y
corridor,TSMC7,Mnr,nmos,0.15000000000000002,-0.2052272727272727,0.0,4.071531932208868e-06,0.0,1.1821463336003646e-05,0.3444186067733715,Y
corridor,TSMC7,Mnr,nmos,0.15000000000000002,-0.18545454545454543,0.0,3.191771617236557e-06,0.0,8.60809745706348e-06,0.370787114476441,Y
corridor,TSMC7,Mnr,nmos,0.15000000000000002,-0.16568181818181815,0.0,2.4302275409754397e-06,0.0,6.008077063635042e-06,0.4044934036690084,Y
corridor,TSMC7,Mnr,nmos,0.15000000000000002,-0.14590909090909088,0.0,1.8097454886006061e-06,0.0,3.996399128292083e-06,0.4528440304645012,Y
corridor,TSMC7,Mnr,nmos,0.15000000000000002,-0.12613636363636363,0.0,1.3323451468002354e-06,0.0,2.5182309570936923e-06,0.5290798062215486,Y
corridor,TSMC7,Mnr,nmos,0.15000000000000002,-0.10636363636363635,0.0,9.856466980092813e-07,0.0,1.4947310056356855e-06,0.6594140981173408,Y
corridor,TSMC7,Mnr,nmos,0.15000000000000002,-0.08659090909090908,0.0,7.584263951700433e-07,0.0,8.317231070531506e-07,0.9118736617252317,Y
corridor,TSMC7,Mnr,nmos,0.15000000000000002,-0.0668181818181818,0.0,6.430036702448234e-07,0.0,4.3126537063731263e-07,1.4909698622326424,Y
corridor,TSMC7,Mnr,nmos,0.15000000000000002,-0.047045454545454536,0.0,5.659378907694574e-07,0.0,2.044231103837113e-07,2.7684633587032637,Y
corridor,TSMC7,Mnr,nmos,0.15000000000000002,-0.027272727272727282,0.0,2.711092999537331e-07,0.0,8.148999183776873e-08,3.3269030201090315,Y
corridor,TSMC7,Mnr,nmos,0.15000000000000002,-0.0075,0.0,6.653264474247758e-08,0.0,1.5843684871008623e-08,4.199316338601353,Y
corridor,TSMC7,Mnr,nmos,0.30000000000000004,-0.22499999999999998,0.0,2.8628083331943577e-05,0.0,5.45358811165908e-05,0.5249403281986105,Y
corridor,TSMC7,Mnr,nmos,0.30000000000000004,-0.2052272727272727,0.0,2.5833997239111416e-05,0.0,4.788530588717421e-05,0.5394973836019892,Y
corridor,TSMC7,Mnr,nmos,0.30000000000000004,-0.18545454545454543,0.0,2.2849947190957108e-05,0.0,4.1414820212137826e-05,0.5517335841110391,Y
corridor,TSMC7,Mnr,nmos,0.30000000000000004,-0.16568181818181815,0.0,1.9737818094310568e-05,0.0,3.51634409367918e-05,0.5613164573339217,Y
corridor,TSMC7,Mnr,nmos,0.30000000000000004,-0.14590909090909088,0.0,1.657528857840078e-05,0.0,2.9192345901707384e-05,0.5677957035111499,Y
corridor,TSMC7,Mnr,nmos,0.30000000000000004,-0.12613636363636363,0.0,1.3453245559039946e-05,0.0,2.358388251355592e-05,0.570442358305808,Y
corridor,TSMC7,Mnr,nmos,0.30000000000000004,-0.10636363636363635,0.0,1.047512397491649e-05,0.0,1.8424958170282224e-05,0.5685290505468776,Y
corridor,TSMC7,Mnr,nmos,0.30000000000000004,-0.08659090909090908,0.0,7.764602393971116e-06,0.0,1.3783981511750198e-05,0.5633062107165594,Y
corridor,TSMC7,Mnr,nmos,0.30000000000000004,-0.0668181818181818,0.0,5.465610866776603e-06,0.0,9.697636221828176e-06,0.5636023812147326,Y
corridor,TSMC7,Mnr,nmos,0.30000000000000004,-0.047045454545454536,0.0,3.6275894692454947e-06,0.0,6.173124324215795e-06,0.5876423798910492,Y
corridor,TSMC7,Mnr,nmos,0.30000000000000004,-0.027272727272727282,0.0,1.7881000374014003e-06,0.0,3.2018825577018184e-06,0.5584527243512724,Y
corridor,TSMC7,Mnr,nmos,0.30000000000000004,-0.0075,0.0,6.070575573818389e-07,0.0,7.750830029878975e-07,0.7832161910939464,Y
corridor,TSMC7,Mnr,nmos,0.44999999999999996,-0.22499999999999998,0.0,6.348722461047383e-05,0.0,0.00010013969753419616,0.6339865824818766,Y
corridor,TSMC7,Mnr,nmos,0.44999999999999996,-0.2052272727272727,0.0,5.939922042080278e-05,0.0,9.208912890579235e-05,0.6450188108692883,Y
corridor,TSMC7,Mnr,nmos,0.44999999999999996,-0.18545454545454543,0.0,5.482920548194925e-05,0.0,8.389748598625069e-05,0.6535262032873642,Y
corridor,TSMC7,Mnr,nmos,0.44999999999999996,-0.16568181818181815,0.0,4.9783194999747944e-05,0.0,7.551050734688758e-05,0.6592883129635061,Y
corridor,TSMC7,Mnr,nmos,0.44999999999999996,-0.14590909090909088,0.0,4.4278028677779286e-05,0.0,6.68596155661838e-05,0.6622537132889855,Y
corridor,TSMC7,Mnr,nmos,0.44999999999999996,-0.12613636363636363,0.0,3.834456219727564e-05,0.0,5.78919195359795e-05,0.6623473967458398,Y
corridor,TSMC7,Mnr,nmos,0.44999999999999996,-0.10636363636363635,0.0,3.2041376855446636e-05,0.0,4.8627403784196055e-05,0.6589160506623656,Y
corridor,TSMC7,Mnr,nmos,0.44999999999999996,-0.08659090909090908,0.0,2.5495238430917814e-05,0.0,3.918888172305124e-05,0.6505732572593745,Y
corridor,TSMC7,Mnr,nmos,0.44999999999999996,-0.0668181818181818,0.0,1.8956076329944548e-05,0.0,2.97511042191001e-05,0.6371553872536542,Y
corridor,TSMC7,Mnr,nmos,0.44999999999999996,-0.047045454545454536,0.0,1.2662203496173478e-05,0.0,2.0476922213408244e-05,0.6183645844922092,Y
corridor,TSMC7,Mnr,nmos,0.44999999999999996,-0.027272727272727282,0.0,6.190867498126851e-06,0.0,1.151611253927265e-05,0.5375831016772837,Y
corridor,TSMC7,Mnr,nmos,0.44999999999999996,-0.0075,0.0,5.909517246959196e-07,0.0,3.0389545515457916e-06,0.1944588886317259,Y
corridor,TSMC7,Mnr,nmos,0.6000000000000001,-0.22499999999999998,0.0,9.673204936329378e-05,0.0,0.00014318066540730534,0.6755943554817306,Y
corridor,TSMC7,Mnr,nmos,0.6000000000000001,-0.2052272727272727,0.0,9.160550162528836e-05,0.0,0.00013406788895720112,0.6832769751042462,Y
corridor,TSMC7,Mnr,nmos,0.6000000000000001,-0.18545454545454543,0.0,8.57080891927128e-05,0.0,0.000124443432308885,0.6887313183388741,Y
corridor,TSMC7,Mnr,nmos,0.6000000000000001,-0.16568181818181815,0.0,7.898635934337586e-05,0.0,0.00011416169515277019,0.6918814514595022,Y
corridor,TSMC7,Mnr,nmos,0.6000000000000001,-0.14590909090909088,0.0,7.139557094383541e-05,0.0,0.00010303780803577745,0.6929065389186558,Y
corridor,TSMC7,Mnr,nmos,0.6000000000000001,-0.12613636363636363,0.0,6.29092258375715e-05,0.0,9.090753896878745e-05,0.6920132978098879,Y
corridor,TSMC7,Mnr,nmos,0.6000000000000001,-0.10636363636363635,0.0,5.354569068574284e-05,0.0,7.775382582231316e-05,0.6886566689092324,Y
corridor,TSMC7,Mnr,nmos,0.6000000000000001,-0.08659090909090908,0.0,4.3430520040698346e-05,0.0,6.377653850864196e-05,0.6809795742491316,Y
corridor,TSMC7,Mnr,nmos,0.6000000000000001,-0.0668181818181818,0.0,3.28765794545194e-05,0.0,4.928435090589822e-05,0.6670794856828443,Y
corridor,TSMC7,Mnr,nmos,0.6000000000000001,-0.047045454545454536,0.0,2.224635750924969e-05,0.0,3.4557754158281995e-05,0.6437443072069022,Y
corridor,TSMC7,Mnr,nmos,0.6000000000000001,-0.027272727272727282,0.0,1.1139933280020199e-05,0.0,1.983161080840179e-05,0.5617260941456502,Y
corridor,TSMC7,Mnr,nmos,0.6000000000000001,-0.0075,0.0,3.6004420268454094e-07,0.0,5.3566220270181986e-06,0.06721478589837374,Y
corridor,TSMC7,Mnr,nmos,0.75,-0.22499999999999998,0.0,0.00012396846911982886,0.0,0.00017985871758607885,0.6892547149431253,Y
corridor,TSMC7,Mnr,nmos,0.75,-0.2052272727272727,0.0,0.00011800478557983721,0.0,0.0001698181927300979,0.694888949662709,Y
corridor,TSMC7,Mnr,nmos,0.75,-0.18545454545454543,0.0,0.00011098725497588569,0.0,0.00015882634477049073,0.6987962553458363,Y
corridor,TSMC7,Mnr,nmos,0.75,-0.16568181818181815,0.0,0.00010279812156136677,0.0,0.0001466493746160591,0.7009789290305619,Y
corridor,TSMC7,Mnr,nmos,0.75,-0.14590909090909088,0.0,9.333203154846059e-05,0.0,0.00013303985813006847,0.701534358652225,Y
corridor,TSMC7,Mnr,nmos,0.75,-0.12613636363636363,0.0,8.251858667024476e-05,0.0,0.00011785863709978806,0.7001488282982458,Y
corridor,TSMC7,Mnr,nmos,0.75,-0.10636363636363635,0.0,7.037382187297709e-05,0.0,0.0001012106517761513,0.6953203110342935,Y
corridor,TSMC7,Mnr,nmos,0.75,-0.08659090909090908,0.0,5.7095665754815454e-05,0.0,8.341569382452896e-05,0.6844715081423453,Y
corridor,TSMC7,Mnr,nmos,0.75,-0.0668181818181818,0.0,4.316940223461065e-05,0.0,6.483380773913971e-05,0.665847090275859,Y
corridor,TSMC7,Mnr,nmos,0.75,-0.047045454545454536,0.0,2.920315444063953e-05,0.0,4.576274336559605e-05,0.6381425651722216,Y
corridor,TSMC7,Mnr,nmos,0.75,-0.027272727272727282,0.0,1.4967499841840836e-05,0.0,2.6459817156765375e-05,0.5656690578458465,Y
corridor,TSMC7,Mnr,nmos,0.75,-0.0075,0.0,5.793356000737962e-07,0.0,7.212224692465519e-06,0.08032689284888998,Y
corridor,TSMC7,Mpr,pmos,-0.15000000000000002,0.22499999999999998,0.0,-2.526228968501822e-06,-0.0,-7.3179579340720835e-06,0.34520955043206974,Y
corridor,TSMC7,Mpr,pmos,-0.15000000000000002,0.2052272727272727,0.0,-1.910179973351806e-06,-0.0,-5.2326482313791445e-06,0.36505033185621744,Y
corridor,TSMC7,Mpr,pmos,-0.15000000000000002,0.18545454545454543,0.0,-1.3423242572843206e-06,-0.0,-3.569981921192067e-06,0.37600309663083664,Y
corridor,TSMC7,Mpr,pmos,-0.15000000000000002,0.16568181818181815,0.0,-8.353013830433812e-07,-0.0,-2.306526220019478e-06,0.3621469271813989,Y
corridor,TSMC7,Mpr,pmos,-0.15000000000000002,0.14590909090909088,0.0,-4.0595454170791087e-07,-0.0,-1.401948168666678e-06,0.28956458646684047,Y
corridor,TSMC7,Mpr,pmos,-0.15000000000000002,0.12613636363636363,0.0,-8.2651371270557e-08,-0.0,-7.988857630980561e-07,0.10345831042230287,Y
corridor,TSMC7,Mpr,pmos,-0.15000000000000002,0.10636363636363635,0.0,1.0346593961365478e-07,0.0,-4.2752731910233877e-07,0.24201012424398488,n
corridor,TSMC7,Mpr,pmos,-0.15000000000000002,0.08659090909090908,0.0,1.349734859644067e-07,0.0,-2.1614578182838073e-07,0.6244557947079225,n
corridor,TSMC7,Mpr,pmos,-0.15000000000000002,0.0668181818181818,0.0,4.3308899986753916e-08,0.0,-1.0356987489856806e-07,0.41816116925089286,n
corridor,TSMC7,Mpr,pmos,-0.15000000000000002,0.047045454545454536,0.0,-2.8802820980174938e-08,-0.0,-4.6285676680302146e-08,0.6222836749069846,Y
corridor,TSMC7,Mpr,pmos,-0.15000000000000002,0.027272727272727282,0.0,-3.64705734324129e-08,-0.0,-1.7701076715503916e-08,2.0603590402198115,Y
corridor,TSMC7,Mpr,pmos,-0.15000000000000002,0.0075,0.0,3.2346212331431877e-07,0.0,-3.340066070944836e-09,96.84303137836372,n
corridor,TSMC7,Mpr,pmos,-0.30000000000000004,0.22499999999999998,0.0,-1.933966400200633e-05,-0.0,-3.2211175504670564e-05,0.6004023044487188,Y
corridor,TSMC7,Mpr,pmos,-0.30000000000000004,0.2052272727272727,0.0,-1.726313182560339e-05,-0.0,-2.7525004525630337e-05,0.627179981370341,Y
corridor,TSMC7,Mpr,pmos,-0.30000000000000004,0.18545454545454543,0.0,-1.5098990636400305e-05,-0.0,-2.314550706650209e-05,0.6523508252818835,Y
corridor,TSMC7,Mpr,pmos,-0.30000000000000004,0.16568181818181815,0.0,-1.2905058528590836e-05,-0.0,-1.9100059311938367e-05,0.6756554164480847,Y
corridor,TSMC7,Mpr,pmos,-0.30000000000000004,0.14590909090909088,0.0,-1.074538912077677e-05,-0.0,-1.5412289111615962e-05,0.6971961817585011,Y
corridor,TSMC7,Mpr,pmos,-0.30000000000000004,0.12613636363636363,0.0,-8.678646556071662e-06,-0.0,-1.2101152607746357e-05,0.7171752011883701,Y
corridor,TSMC7,Mpr,pmos,-0.30000000000000004,0.10636363636363635,0.0,-6.73956867410718e-06,-0.0,-9.179937893177836e-06,0.7341627745777842,Y
corridor,TSMC7,Mpr,pmos,-0.30000000000000004,0.08659090909090908,0.0,-4.931404645141186e-06,-0.0,-6.655014428424977e-06,0.7410058532823177,Y
corridor,TSMC7,Mpr,pmos,-0.30000000000000004,0.0668181818181818,0.0,-3.2577855752147502e-06,-0.0,-4.524231780878019e-06,0.7200748619874004,Y
corridor,TSMC7,Mpr,pmos,-0.30000000000000004,0.047045454545454536,0.0,-1.7950423735078545e-06,-0.0,-2.7752076955933624e-06,0.6468137056401682,Y
corridor,TSMC7,Mpr,pmos,-0.30000000000000004,0.027272727272727282,0.0,-5.03947579648119e-07,-0.0,-1.384496718659367e-06,0.3639933362471963,Y
corridor,TSMC7,Mpr,pmos,-0.30000000000000004,0.0075,0.0,-4.21604075377587e-07,-0.0,-3.2187640920666727e-07,1.3098321694861692,Y
corridor,TSMC7,Mpr,pmos,-0.44999999999999996,0.22499999999999998,0.0,-4.369417365119546e-05,-0.0,-6.2606133555132e-05,0.6979216119889857,Y
corridor,TSMC7,Mpr,pmos,-0.44999999999999996,0.2052272727272727,0.0,-4.0369950082711213e-05,-0.0,-5.615270337600009e-05,0.7189315501409235,Y
corridor,TSMC7,Mpr,pmos,-0.44999999999999996,0.18545454545454543,0.0,-3.67457435854813e-05,-0.0,-4.979667542204247e-05,0.7379155992654044,Y
corridor,TSMC7,Mpr,pmos,-0.44999999999999996,0.16568181818181815,0.0,-3.286243009747474e-05,-0.0,-4.356813071426657e-05,0.7542767972534061,Y
corridor,TSMC7,Mpr,pmos,-0.44999999999999996,0.14590909090909088,0.0,-2.877637567052042e-05,-0.0,-3.7496434346362406e-05,0.7674429895042025,Y
corridor,TSMC7,Mpr,pmos,-0.44999999999999996,0.12613636363636363,0.0,-2.455543478295118e-05,-0.0,-3.16092009788882e-05,0.776844526989207,Y
corridor,TSMC7,Mpr,pmos,-0.44999999999999996,0.10636363636363635,0.0,-2.027231308646516e-05,-0.0,-2.5931756450492394e-05,0.7817562657264671,Y
corridor,TSMC7,Mpr,pmos,-0.44999999999999996,0.08659090909090908,0.0,-1.599671703273115e-05,-0.0,-2.04873026737884e-05,0.7808112804033234,Y
corridor,TSMC7,Mpr,pmos,-0.44999999999999996,0.0668181818181818,0.0,-1.180676421859613e-05,-0.0,-1.5297781583156755e-05,0.771795842058281,Y
corridor,TSMC7,Mpr,pmos,-0.44999999999999996,0.047045454545454536,0.0,-7.81320401325225e-06,-0.0,-1.0385470428087018e-05,0.7523206644661763,Y
corridor,TSMC7,Mpr,pmos,-0.44999999999999996,0.027272727272727282,0.0,-3.7941094646687218e-06,-0.0,-5.776934229595465e-06,0.6567686793509518,Y
corridor,TSMC7,Mpr,pmos,-0.44999999999999996,0.0075,0.0,-1.238926515733013e-06,-0.0,-1.5135072162567043e-06,0.8185798537500201,Y
corridor,TSMC7,Mpr,pmos,-0.6000000000000001,0.22499999999999998,0.0,-6.624189276075817e-05,-0.0,-8.952922220251125e-05,0.7398913017575631,Y
corridor,TSMC7,Mpr,pmos,-0.6000000000000001,0.2052272727272727,0.0,-6.18219190199719e-05,-0.0,-8.160628314768381e-05,0.7575632247346945,Y
corridor,TSMC7,Mpr,pmos,-0.6000000000000001,0.18545454545454543,0.0,-5.691863635518055e-05,-0.0,-7.357989642575724e-05,0.7735623331926262,Y
corridor,TSMC7,Mpr,pmos,-0.6000000000000001,0.16568181818181815,0.0,-5.156204008258293e-05,-0.0,-6.548360817482113e-05,0.7874037720238035,Y
corridor,TSMC7,Mpr,pmos,-0.6000000000000001,0.14590909090909088,0.0,-4.580106796708423e-05,-0.0,-5.735310032450869e-05,0.7985805075564864,Y
corridor,TSMC7,Mpr,pmos,-0.6000000000000001,0.12613636363636363,0.0,-3.969842281541161e-05,-0.0,-4.922508650695434e-05,0.8064673042230847,Y
corridor,TSMC7,Mpr,pmos,-0.6000000000000001,0.10636363636363635,0.0,-3.332597779708383e-05,-0.0,-4.113659832216676e-05,0.8101296450447114,Y
corridor,TSMC7,Mpr,pmos,-0.6000000000000001,0.08659090909090908,0.0,-2.6765443831986116e-05,-0.0,-3.312481211548146e-05,0.808017981767716,Y
corridor,TSMC7,Mpr,pmos,-0.6000000000000001,0.0668181818181818,0.0,-2.013589899947712e-05,-0.0,-2.5227640768066273e-05,0.798168135680987,Y
corridor,TSMC7,Mpr,pmos,-0.6000000000000001,0.047045454545454536,0.0,-1.358578138741821e-05,-0.0,-1.74857918353033e-05,0.7769611759868328,Y
corridor,TSMC7,Mpr,pmos,-0.6000000000000001,0.027272727272727282,0.0,-6.797998615445691e-06,-0.0,-9.947304924207145e-06,0.6834010485495928,Y
corridor,TSMC7,Mpr,pmos,-0.6000000000000001,0.0075,0.0,-1.2509882397224843e-06,-0.0,-2.6738848600549314e-06,0.4678541916336609,Y
corridor,TSMC7,Mpr,pmos,-0.75,0.22499999999999998,0.0,-8.387040905194018e-05,-0.0,-0.00011109463898817395,0.7549456014782874,Y
corridor,TSMC7,Mpr,pmos,-0.75,0.2052272727272727,0.0,-7.859629864001406e-05,-0.0,-0.00010199599803639714,0.7705821811946688,Y
corridor,TSMC7,Mpr,pmos,-0.75,0.18545454545454543,0.0,-7.269170347009836e-05,-0.0,-9.262873595927701e-05,0.7847640661107186,Y
corridor,TSMC7,Mpr,pmos,-0.75,0.16568181818181815,0.0,-6.61772326611247e-05,-0.0,-8.303234236284318e-05,0.7970054894023909,Y
corridor,TSMC7,Mpr,pmos,-0.75,0.14590909090909088,0.0,-5.90963203024054e-05,-0.0,-7.324975226374875e-05,0.8067784323640932,Y
corridor,TSMC7,Mpr,pmos,-0.75,0.12613636363636363,0.0,-5.151114021033917e-05,-0.0,-6.332615237747419e-05,0.8134260218952171,Y
corridor,TSMC7,Mpr,pmos,-0.75,0.10636363636363635,0.0,-4.349885986648663e-05,-0.0,-5.3308214717495694e-05,0.8159879316350536,Y
corridor,TSMC7,Mpr,pmos,-0.75,0.08659090909090908,0.0,-3.515723338718479e-05,-0.0,-4.3243992747799e-05,0.8129969309777529,Y
corridor,TSMC7,Mpr,pmos,-0.75,0.0668181818181818,0.0,-2.662749373282955e-05,-0.0,-3.3183767747524406e-05,0.802425268143821,Y
corridor,TSMC7,Mpr,pmos,-0.75,0.047045454545454536,0.0,-1.802316047172521e-05,-0.0,-2.3182055573778282e-05,0.7774617058597509,Y
corridor,TSMC7,Mpr,pmos,-0.75,0.027272727272727282,0.0,-8.987271210574925e-06,-0.0,-1.3300446823766299e-05,0.675711976421405,Y
corridor,TSMC7,Mpr,pmos,-0.75,0.0075,0.0,-1.2492277828350595e-06,-0.0,-3.609768118098544e-06,0.3460687063447981,Y
corridor,TSMC12,Mnr,nmos,0.16000000000000003,-0.24,0.0,5.4447578703064e-07,0.0,2.195083115275054e-06,0.2480433580130813,Y
corridor,TSMC12,Mnr,nmos,0.16000000000000003,-0.21890909090909091,0.0,4.0069218367199274e-07,0.0,1.3203160231789468e-06,0.3034820275128068,Y
corridor,TSMC12,Mnr,nmos,0.16000000000000003,-0.1978181818181818,0.0,2.779944694987131e-07,0.0,7.591375028592751e-07,0.36619778162935296,Y
corridor,TSMC12,Mnr,nmos,0.16000000000000003,-0.17672727272727273,0.0,1.833968841148078e-07,0.0,4.2009351552962926e-07,0.4365620447237606,Y
corridor,TSMC12,Mnr,nmos,0.16000000000000003,-0.15563636363636363,0.0,1.262963277385777e-07,0.0,2.256958508972673e-07,0.5595863957466614,Y
corridor,TSMC12,Mnr,nmos,0.16000000000000003,-0.13454545454545455,0.0,1.0577769600265479e-07,0.0,1.186422904364548e-07,0.8915682225412672,Y
corridor,TSMC12,Mnr,nmos,0.16000000000000003,-0.11345454545454546,0.0,1.0377653588839452e-07,0.0,6.131434249212475e-08,1.6925328017946801,Y
corridor,TSMC12,Mnr,nmos,0.16000000000000003,-0.09236363636363637,0.0,9.996626640593954e-08,0.0,3.114708491125384e-08,3.2094902842679973,Y
corridor,TSMC12,Mnr,nmos,0.16000000000000003,-0.07127272727272727,0.0,8.888115358898501e-08,0.0,1.54138507513224e-08,5.766317257312203,Y
corridor,TSMC12,Mnr,nmos,0.16000000000000003,-0.050181818181818175,0.0,7.108967894095792e-08,0.0,7.212362651554116e-09,9.856642320341388,Y
corridor,TSMC12,Mnr,nmos,0.16000000000000003,-0.0290909090909091,0.0,3.169267701507056e-08,0.0,2.892935890841386e-09,10.955195072039087,Y
corridor,TSMC12,Mnr,nmos,0.16000000000000003,-0.008,0.0,5.41893296476332e-08,0.0,-0.0,nan,n
corridor,TSMC12,Mnr,nmos,0.32000000000000006,-0.24,0.0,1.1101285164810996e-05,0.0,2.3683385225181652e-05,0.4687372628220149,Y
corridor,TSMC12,Mnr,nmos,0.32000000000000006,-0.21890909090909091,0.0,9.409765882218433e-06,0.0,1.887040090853276e-05,0.4986521445849916,Y
corridor,TSMC12,Mnr,nmos,0.32000000000000006,-0.1978181818181818,0.0,7.73891509243787e-06,0.0,1.4629657790754536e-05,0.5289881146316773,Y
corridor,TSMC12,Mnr,nmos,0.32000000000000006,-0.17672727272727273,0.0,6.151453998180557e-06,0.0,1.0994463339741856e-05,0.5595047077873098,Y
corridor,TSMC12,Mnr,nmos,0.32000000000000006,-0.15563636363636363,0.0,4.7065094397963725e-06,0.0,7.972058096994417e-06,0.5903757075692657,Y
corridor,TSMC12,Mnr,nmos,0.32000000000000006,-0.13454545454545455,0.0,3.450705740677248e-06,0.0,5.545409020868419e-06,0.6222635206333008,Y
corridor,TSMC12,Mnr,nmos,0.32000000000000006,-0.11345454545454546,0.0,2.410464556995028e-06,0.0,3.6746214682192857e-06,0.6559762897600264,Y
corridor,TSMC12,Mnr,nmos,0.32000000000000006,-0.09236363636363637,0.0,1.5889367902433706e-06,0.0,2.2985941622311046e-06,0.6912646070157452,Y
corridor,TSMC12,Mnr,nmos,0.32000000000000006,-0.07127272727272727,0.0,9.710353852532915e-07,0.0,1.338431421249453e-06,0.7255025321706884,Y
corridor,TSMC12,Mnr,nmos,0.32000000000000006,-0.050181818181818175,0.0,5.436191556093023e-07,0.0,7.041126709461665e-07,0.772062736605496,Y
corridor,TSMC12,Mnr,nmos,0.32000000000000006,-0.0290909090909091,0.0,2.973958587844044e-07,0.0,3.051230969275398e-07,0.9746750140486072,Y
corridor,TSMC12,Mnr,nmos,0.32000000000000006,-0.008,0.0,1.867155347356779e-07,0.0,6.303943478336294e-08,2.9618846580292466,Y
corridor,TSMC12,Mnr,nmos,0.48,-0.24,0.0,4.4033028915289586e-05,0.0,6.554200893127415e-05,0.6718291006530118,Y
corridor,TSMC12,Mnr,nmos,0.48,-0.21890909090909091,0.0,4.0387701765574645e-05,0.0,5.831631655350833e-05,0.6925626334529681,Y
corridor,TSMC12,Mnr,nmos,0.48,-0.1978181818181818,0.0,3.6422285059611154e-05,0.0,5.11377578615857e-05,0.7122385998657814,Y
corridor,TSMC12,Mnr,nmos,0.48,-0.17672727272727273,0.0,3.218936812080225e-05,0.0,4.405809103658065e-05,0.7306119571562008,Y
corridor,TSMC12,Mnr,nmos,0.48,-0.15563636363636363,0.0,2.776440150554519e-05,0.0,3.716506605244696e-05,0.7470564283772388,Y
corridor,TSMC12,Mnr,nmos,0.48,-0.13454545454545455,0.0,2.3247992129965547e-05,0.0,3.056809044776898e-05,0.7605313838523501,Y
corridor,TSMC12,Mnr,nmos,0.48,-0.11345454545454546,0.0,1.876371124660071e-05,0.0,2.436905477409823e-05,0.769981085460261,Y
corridor,TSMC12,Mnr,nmos,0.48,-0.09236363636363637,0.0,1.4440191788981901e-05,0.0,1.864185643352112e-05,0.7746112540066592,Y
corridor,TSMC12,Mnr,nmos,0.48,-0.07127272727272727,0.0,1.0361321196775873e-05,0.0,1.3431718806633519e-05,0.771406946939563,Y
corridor,TSMC12,Mnr,nmos,0.48,-0.050181818181818175,0.0,6.549280867499838e-06,0.0,8.767128682751757e-06,0.7470268892465032,Y
corridor,TSMC12,Mnr,nmos,0.48,-0.0290909090909091,0.0,3.2889892641355704e-06,0.0,4.670790577226969e-06,0.7041611499713677,Y
corridor,TSMC12,Mnr,nmos,0.48,-0.008,0.0,-4.5599690690712444e-07,-0.0,1.1657718054780553e-06,0.3911545164880111,n
corridor,TSMC12,Mnr,nmos,0.6400000000000001,-0.24,0.0,8.447321649084001e-05,0.0,0.00011046305500861386,0.7647191767804432,Y
corridor,TSMC12,Mnr,nmos,0.6400000000000001,-0.21890909090909091,0.0,7.96015324953107e-05,0.0,0.00010226672891855415,0.7783717474595854,Y
corridor,TSMC12,Mnr,nmos,0.6400000000000001,-0.1978181818181818,0.0,7.401776316642019e-05,0.0,9.374188372768266e-05,0.7895911648355558,Y
corridor,TSMC12,Mnr,nmos,0.6400000000000001,-0.17672727272727273,0.0,6.768263908869731e-05,0.0,8.479579985398722e-05,0.7981838629418244,Y
corridor,TSMC12,Mnr,nmos,0.6400000000000001,-0.15563636363636363,0.0,6.058508539979305e-05,0.0,7.533136978099542e-05,0.804247759942863,Y
corridor,TSMC12,Mnr,nmos,0.6400000000000001,-0.13454545454545455,0.0,5.2766816948248656e-05,0.0,6.531668000908653e-05,0.8078612835329047,Y
corridor,TSMC12,Mnr,nmos,0.6400000000000001,-0.11345454545454546,0.0,4.435056857862056e-05,0.0,5.486030711654433e-05,0.8084272748310167,Y
corridor,TSMC12,Mnr,nmos,0.6400000000000001,-0.09236363636363637,0.0,3.555210325666576e-05,0.0,4.418500486325083e-05,0.8046191998099076,Y
corridor,TSMC12,Mnr,nmos,0.6400000000000001,-0.07127272727272727,0.0,2.6616218040600803e-05,0.0,3.3522136372310385e-05,0.7939893133596957,Y
corridor,TSMC12,Mnr,nmos,0.6400000000000001,-0.050181818181818175,0.0,1.764300839663744e-05,0.0,2.3062812902485685e-05,0.7649981149843129,Y
corridor,TSMC12,Mnr,nmos,0.6400000000000001,-0.0290909090909091,0.0,8.969898374257913e-06,0.0,1.2974305917817786e-05,0.6913586307487504,Y
corridor,TSMC12,Mnr,nmos,0.6400000000000001,-0.008,0.0,9.351339305662752e-08,0.0,3.432008533268971e-06,0.0272474244018142,Y
corridor,TSMC12,Mnr,nmos,0.8,-0.24,0.0,0.00012298283033055192,0.0,0.00015124760563423045,0.8131224941700391,Y
corridor,TSMC12,Mnr,nmos,0.8,-0.21890909090909091,0.0,0.00011724188714677278,0.0,0.00014256709168769532,0.822362901275987,Y
corridor,TSMC12,Mnr,nmos,0.8,-0.1978181818181818,0.0,0.00011041510628852951,0.0,0.00013318765912373465,0.8290190473724831,Y
corridor,TSMC12,Mnr,nmos,0.8,-0.17672727272727273,0.0,0.00010234636436977272,0.0,0.0001229134315161584,0.8326703038660025,Y
corridor,TSMC12,Mnr,nmos,0.8,-0.15563636363636363,0.0,9.290452349180518e-05,0.0,0.00011148607523270293,0.833328496835925,Y
corridor,TSMC12,Mnr,nmos,0.8,-0.13454545454545455,0.0,8.20370450198614e-05,0.0,9.867863889900796e-05,0.8313556605074549,Y
corridor,TSMC12,Mnr,nmos,0.8,-0.11345454545454546,0.0,6.984166223205027e-05,0.0,8.450448467367533e-05,0.8264846830526523,Y
corridor,TSMC12,Mnr,nmos,0.8,-0.09236363636363637,0.0,5.662671340074143e-05,0.0,6.929697377033861e-05,0.8171599756781808,Y
corridor,TSMC12,Mnr,nmos,0.8,-0.07127272727272727,0.0,4.2849320783492335e-05,0.0,5.349421662581566e-05,0.8010084731816368,Y
corridor,TSMC12,Mnr,nmos,0.8,-0.050181818181818175,0.0,2.8791739471881754e-05,0.0,3.745254809062182e-05,0.76875248653886,Y
corridor,TSMC12,Mnr,nmos,0.8,-0.0290909090909091,0.0,1.4746932557265948e-05,0.0,2.1454917027013964e-05,0.6873451218057861,Y
corridor,TSMC12,Mnr,nmos,0.8,-0.008,0.0,5.220882222758553e-07,0.0,5.7877919713844594e-06,0.0902050773174161,Y
corridor,TSMC12,Mpr,pmos,-0.16000000000000003,0.24,0.0,-5.672026743250687e-07,-0.0,-2.285755501540976e-06,0.24814669545482035,Y
corridor,TSMC12,Mpr,pmos,-0.16000000000000003,0.21890909090909091,0.0,-3.9643225338080174e-07,-0.0,-1.3651968999717212e-06,0.2903846715364014,Y
corridor,TSMC12,Mpr,pmos,-0.16000000000000003,0.1978181818181818,0.0,-2.5768066632932545e-07,-0.0,-7.628832565664823e-07,0.33777208257141716,Y
corridor,TSMC12,Mpr,pmos,-0.16000000000000003,0.17672727272727273,0.0,-1.5090693006000326e-07,-0.0,-3.997191189153426e-07,0.37753242944569826,Y
corridor,TSMC12,Mpr,pmos,-0.16000000000000003,0.15563636363636363,0.0,-7.193696249171902e-08,-0.0,-1.9831772335443532e-07,0.36273592332013915,Y
corridor,TSMC12,Mpr,pmos,-0.16000000000000003,0.13454545454545455,0.0,-1.6417541449590144e-08,-0.0,-9.452325033798559e-08,0.1736878640005094,Y
corridor,TSMC12,Mpr,pmos,-0.16000000000000003,0.11345454545454546,0.0,1.7231799957693938e-08,0.0,-4.383743368308046e-08,0.39308414087991517,n
corridor,TSMC12,Mpr,pmos,-0.16000000000000003,0.09236363636363637,0.0,2.8351931448326895e-08,0.0,-1.9906812309677946e-08,1.4242326198325208,n
corridor,TSMC12,Mpr,pmos,-0.16000000000000003,0.07127272727272727,0.0,1.1317317346164091e-08,0.0,-8.815531638006746e-09,1.2837929475939147,n
corridor,TSMC12,Mpr,pmos,-0.16000000000000003,0.050181818181818175,0.0,-4.458132184188497e-08,-0.0,-3.7142233733078456e-09,12.002865030215279,Y
corridor,TSMC12,Mpr,pmos,-0.16000000000000003,0.0290909090909091,0.0,-6.265437170735373e-08,-0.0,-1.3587117542179783e-09,46.113071085791226,Y
corridor,TSMC12,Mpr,pmos,-0.16000000000000003,0.008,0.0,-6.791420501362026e-08,-0.0,-0.0,nan,Y
corridor,TSMC12,Mpr,pmos,-0.32000000000000006,0.24,0.0,-1.1112752419494622e-05,-0.0,-2.2306650582226695e-05,0.49818113116224394,Y
corridor,TSMC12,Mpr,pmos,-0.32000000000000006,0.21890909090909091,0.0,-9.582148307535561e-06,-0.0,-1.8119057920706894e-05,0.5288436269407171,Y
corridor,TSMC12,Mpr,pmos,-0.32000000000000006,0.1978181818181818,0.0,-8.034187852547609e-06,-0.0,-1.4355040572899824e-05,0.5596771260761852,Y
corridor,TSMC12,Mpr,pmos,-0.32000000000000006,0.17672727272727273,0.0,-6.5187452618006025e-06,-0.0,-1.104812852315007e-05,0.5900316282654867,Y
corridor,TSMC12,Mpr,pmos,-0.32000000000000006,0.15563636363636363,0.0,-5.0886666102558724e-06,-0.0,-8.217928226805782e-06,0.6192152656745435,Y
corridor,TSMC12,Mpr,pmos,-0.32000000000000006,0.13454545454545455,0.0,-3.7951547625733347e-06,-0.0,-5.868662583674578e-06,0.6466813704932843,Y
corridor,TSMC12,Mpr,pmos,-0.32000000000000006,0.11345454545454546,0.0,-2.680962701005292e-06,-0.0,-3.988396252152526e-06,0.6721906579764697,Y
corridor,TSMC12,Mpr,pmos,-0.32000000000000006,0.09236363636363637,0.0,-1.7701219207240487e-06,-0.0,-2.548461136564484e-06,0.6945846241588386,Y
corridor,TSMC12,Mpr,pmos,-0.32000000000000006,0.07127272727272727,0.0,-1.056157319647474e-06,-0.0,-1.5032127487213387e-06,0.7026000282035004,Y
corridor,TSMC12,Mpr,pmos,-0.32000000000000006,0.050181818181818175,0.0,-5.185726883777564e-07,-0.0,-7.909918275927907e-07,0.6555980356407956,Y
corridor,TSMC12,Mpr,pmos,-0.32000000000000006,0.0290909090909091,0.0,-2.146757036490674e-07,-0.0,-3.3805647864371124e-07,0.6350291067053359,Y
corridor,TSMC12,Mpr,pmos,-0.32000000000000006,0.008,0.0,2.1724098082208767e-08,0.0,-6.810634348153322e-08,0.31897319649966493,n
corridor,TSMC12,Mpr,pmos,-0.48,0.24,0.0,-3.782185746446747e-05,-0.0,-5.6623612548767355e-05,0.6679520391231346,Y
corridor,TSMC12,Mpr,pmos,-0.48,0.21890909090909091,0.0,-3.473632645421574e-05,-0.0,-5.040011791246357e-05,0.6892112140401502,Y
corridor,TSMC12,Mpr,pmos,-0.48,0.1978181818181818,0.0,-3.140690177321848e-05,-0.0,-4.4270215548980474e-05,0.7094363870550834,Y
corridor,TSMC12,Mpr,pmos,-0.48,0.17672727272727273,0.0,-2.7876287538933424e-05,-0.0,-3.8278160002791495e-05,0.7282556825328204,Y
corridor,TSMC12,Mpr,pmos,-0.48,0.15563636363636363,0.0,-2.419620488460731e-05,-0.0,-3.247708921239045e-05,0.7450238143686881,Y
corridor,TSMC12,Mpr,pmos,-0.48,0.13454545454545455,0.0,-2.042772228779322e-05,-0.0,-2.6923414553348124e-05,0.7587344557398602,Y
corridor,TSMC12,Mpr,pmos,-0.48,0.11345454545454546,0.0,-1.6644778655789032e-05,-0.0,-2.166966323047248e-05,0.7681143208715253,Y
corridor,TSMC12,Mpr,pmos,-0.48,0.09236363636363637,0.0,-1.2937258255297086e-05,-0.0,-1.6759152149381507e-05,0.7719518350320922,Y
corridor,TSMC12,Mpr,pmos,-0.48,0.07127272727272727,0.0,-9.395368811638604e-06,-0.0,-1.22246731210085e-05,0.7685578762422985,Y
corridor,TSMC12,Mpr,pmos,-0.48,0.050181818181818175,0.0,-6.070322902783007e-06,-0.0,-8.090744442468267e-06,0.7502798964851639,Y
corridor,TSMC12,Mpr,pmos,-0.48,0.0290909090909091,0.0,-3.0158102956770857e-06,-0.0,-4.377471163330426e-06,0.6889389291562175,Y
corridor,TSMC12,Mpr,pmos,-0.48,0.008,0.0,1.0752958334426334e-08,0.0,-1.1111850016509717e-06,0.009677018964843702,n
corridor,TSMC12,Mpr,pmos,-0.6400000000000001,0.24,0.0,-6.689596242215857e-05,-0.0,-9.084478194698598e-05,0.7363764983353348,Y
corridor,TSMC12,Mpr,pmos,-0.6400000000000001,0.21890909090909091,0.0,-6.255002937954143e-05,-0.0,-8.327942729868809e-05,0.751086209505271,Y
corridor,TSMC12,Mpr,pmos,-0.6400000000000001,0.1978181818181818,0.0,-5.7709006605562735e-05,-0.0,-7.548647543154097e-05,0.7644946498780341,Y
corridor,TSMC12,Mpr,pmos,-0.6400000000000001,0.17672727272727273,0.0,-5.23938618720112e-05,-0.0,-6.74749287832288e-05,0.7764937706023031,Y
corridor,TSMC12,Mpr,pmos,-0.6400000000000001,0.15563636363636363,0.0,-4.66407112514763e-05,-0.0,-5.9277483671626996e-05,0.7868200261307777,Y
corridor,TSMC12,Mpr,pmos,-0.6400000000000001,0.13454545454545455,0.0,-4.050177660900942e-05,-0.0,-5.0952264712966766e-05,0.7948964945360354,Y
corridor,TSMC12,Mpr,pmos,-0.6400000000000001,0.11345454545454546,0.0,-3.404808804952949e-05,-0.0,-4.2575545033951556e-05,0.7997099748782568,Y
corridor,TSMC12,Mpr,pmos,-0.6400000000000001,0.09236363636363637,0.0,-2.7374151198809355e-05,-0.0,-3.4229651585393484e-05,0.7997204158072846,Y
corridor,TSMC12,Mpr,pmos,-0.6400000000000001,0.07127272727272727,0.0,-2.0586573974419984e-05,-0.0,-2.599381696000158e-05,0.7919796467789981,Y
corridor,TSMC12,Mpr,pmos,-0.6400000000000001,0.050181818181818175,0.0,-1.3767043172760245e-05,-0.0,-1.7941947497157607e-05,0.7673104145991534,Y
corridor,TSMC12,Mpr,pmos,-0.6400000000000001,0.0290909090909091,0.0,-7.100696716134614e-06,-0.0,-1.0148355614192361e-05,0.6996893867420618,Y
corridor,TSMC12,Mpr,pmos,-0.6400000000000001,0.008,0.0,-1.284091756654637e-07,-0.0,-2.705417573994895e-06,0.04746371757903943,Y
corridor,TSMC12,Mpr,pmos,-0.8,0.24,0.0,-9.132389532790304e-05,-0.0,-0.00011943911559786358,0.7646062587685182,Y
corridor,TSMC12,Mpr,pmos,-0.8,0.21890909090909091,0.0,-8.597151222398582e-05,-0.0,-0.00011069313463063502,0.776665260324037,Y
corridor,TSMC12,Mpr,pmos,-0.8,0.1978181818181818,0.0,-7.98919294612141e-05,-0.0,-0.00010143153691966056,0.7876438816508614,Y
corridor,TSMC12,Mpr,pmos,-0.8,0.17672727272727273,0.0,-7.308020701140963e-05,-0.0,-9.165761127860605e-05,0.79731738577904,Y
corridor,TSMC12,Mpr,pmos,-0.8,0.15563636363636363,0.0,-6.55584539904021e-05,-0.0,-8.141039434250708e-05,0.8052835822731281,Y
corridor,TSMC12,Mpr,pmos,-0.8,0.13454545454545455,0.0,-5.738206230182837e-05,-0.0,-7.076390942661881e-05,0.8108944625414283,Y
corridor,TSMC12,Mpr,pmos,-0.8,0.11345454545454546,0.0,-4.86436862814815e-05,-0.0,-5.981509063057722e-05,0.8132343488687295,Y
corridor,TSMC12,Mpr,pmos,-0.8,0.09236363636363637,0.0,-3.947328694353674e-05,-0.0,-4.86677150662862e-05,0.8110774645937969,Y
corridor,TSMC12,Mpr,pmos,-0.8,0.07127272727272727,0.0,-3.0010802752110782e-05,-0.0,-3.742147904051141e-05,0.8019673065199255,Y
corridor,TSMC12,Mpr,pmos,-0.8,0.050181818181818175,0.0,-2.0334808925734508e-05,-0.0,-2.6170681365067505e-05,0.7770072411212537,Y
corridor,TSMC12,Mpr,pmos,-0.8,0.0290909090909091,0.0,-1.0594505780024691e-05,-0.0,-1.5013173752798092e-05,0.7056806211977752,Y
corridor,TSMC12,Mpr,pmos,-0.8,0.008,0.0,-3.776088054778586e-07,-0.0,-4.066800987981289e-06,0.09285155742654107,Y
corridor,TSMC16,Mnr,nmos,0.16000000000000003,-0.24,0.0,5.769197558375234e-07,0.0,2.2662270393603023e-06,0.25457279690757423,Y
corridor,TSMC16,Mnr,nmos,0.16000000000000003,-0.21890909090909091,0.0,4.1596364166067485e-07,0.0,1.3507789053956998e-06,0.3079435427952746,Y
corridor,TSMC16,Mnr,nmos,0.16000000000000003,-0.1978181818181818,0.0,2.824762432234282e-07,0.0,7.607364460593402e-07,0.3713194558860323,Y
corridor,TSMC16,Mnr,nmos,0.16000000000000003,-0.17672727272727273,0.0,1.796389566700171e-07,0.0,4.0664396849798834e-07,0.4417597962501337,Y
corridor,TSMC16,Mnr,nmos,0.16000000000000003,-0.15563636363636363,0.0,1.0891148642853699e-07,0.0,2.0832605085452371e-07,0.5227934095702271,Y
corridor,TSMC16,Mnr,nmos,0.16000000000000003,-0.13454545454545455,0.0,6.749559394285239e-08,0.0,1.0348194523501775e-07,0.652245121499825,Y
corridor,TSMC16,Mnr,nmos,0.16000000000000003,-0.11345454545454546,0.0,4.741099613112472e-08,0.0,5.0293214037822054e-08,0.9426917137463154,Y
corridor,TSMC16,Mnr,nmos,0.16000000000000003,-0.09236363636363637,0.0,3.7907369623565795e-08,0.0,2.3998303344541227e-08,1.579585401489993,Y
corridor,TSMC16,Mnr,nmos,0.16000000000000003,-0.07127272727272727,0.0,2.5452620531935213e-08,0.0,1.117934911309959e-08,2.276753348914623,Y
corridor,TSMC16,Mnr,nmos,0.16000000000000003,-0.050181818181818175,0.0,-7.375271884730129e-09,-0.0,4.952274701430781e-09,1.4892695436703682,n
corridor,TSMC16,Mnr,nmos,0.16000000000000003,-0.0290909090909091,0.0,-3.14190503552653e-08,-0.0,1.8975203353033265e-09,16.557951854699272,n
corridor,TSMC16,Mnr,nmos,0.16000000000000003,-0.008,0.0,9.657597225650611e-08,0.0,-0.0,nan,n
corridor,TSMC16,Mnr,nmos,0.32000000000000006,-0.24,0.0,1.1286821125586227e-05,0.0,2.3367126622542145e-05,0.48302135336990426,Y
corridor,TSMC16,Mnr,nmos,0.32000000000000006,-0.21890909090909091,0.0,9.638718038285937e-06,0.0,1.8784799132864904e-05,0.5131126486959628,Y
corridor,TSMC16,Mnr,nmos,0.32000000000000006,-0.1978181818181818,0.0,8.005583447921441e-06,0.0,1.4692005001482045e-05,0.5448938689521194,Y
corridor,TSMC16,Mnr,nmos,0.32000000000000006,-0.17672727272727273,0.0,6.437262653624054e-06,0.0,1.113539691011134e-05,0.5780900946403437,Y
corridor,TSMC16,Mnr,nmos,0.32000000000000006,-0.15563636363636363,0.0,4.975852598795879e-06,0.0,8.139790702577088e-06,0.6112998209180619,Y
corridor,TSMC16,Mnr,nmos,0.32000000000000006,-0.13454545454545455,0.0,3.653978237239689e-06,0.0,5.704666378170131e-06,0.6405244399956943,Y
corridor,TSMC16,Mnr,nmos,0.32000000000000006,-0.11345454545454546,0.0,2.4991001684492893e-06,0.0,3.804244461114159e-06,0.6569241787677785,Y
corridor,TSMC16,Mnr,nmos,0.32000000000000006,-0.09236363636363637,0.0,1.541696640666579e-06,0.0,2.389512185341225e-06,0.6451930440548991,Y
corridor,TSMC16,Mnr,nmos,0.32000000000000006,-0.07127272727272727,0.0,8.127037069587916e-07,0.0,1.391801382477631e-06,0.5839221868798894,Y
corridor,TSMC16,Mnr,nmos,0.32000000000000006,-0.050181818181818175,0.0,3.169866320538266e-07,0.0,7.285873571127865e-07,0.43507017924380004,Y
corridor,TSMC16,Mnr,nmos,0.32000000000000006,-0.0290909090909091,0.0,9.205885274696585e-08,0.0,3.1251712329094516e-07,0.29457218784540484,Y
corridor,TSMC16,Mnr,nmos,0.32000000000000006,-0.008,0.0,-2.5128190535259607e-08,-0.0,6.36540698623067e-08,0.3947617267774967,n
corridor,TSMC16,Mnr,nmos,0.48,-0.24,0.0,4.243551189976765e-05,0.0,6.262770615994562e-05,0.6775836846297884,Y
corridor,TSMC16,Mnr,nmos,0.48,-0.21890909090909091,0.0,3.892377902564836e-05,0.0,5.579512807329934e-05,0.6976196734330155,Y
corridor,TSMC16,Mnr,nmos,0.48,-0.1978181818181818,0.0,3.511268406229424e-05,0.0,4.905061853910375e-05,0.7158458977291383,Y
corridor,TSMC16,Mnr,nmos,0.48,-0.17672727272727273,0.0,3.106513466565163e-05,0.0,4.242159029610448e-05,0.7322953818754951,Y
corridor,TSMC16,Mnr,nmos,0.48,-0.15563636363636363,0.0,2.6864227267601452e-05,0.0,3.5956211758003676e-05,0.7471373082460948,Y
corridor,TSMC16,Mnr,nmos,0.48,-0.13454545454545455,0.0,2.2605208424662245e-05,0.0,2.9726703071331073e-05,0.7604344272696384,Y
corridor,TSMC16,Mnr,nmos,0.48,-0.11345454545454546,0.0,1.8380721948094365e-05,0.0,2.3818486183380116e-05,0.7716998387966372,Y
corridor,TSMC16,Mnr,nmos,0.48,-0.09236363636363637,0.0,1.426685306433057e-05,0.0,1.8309703281316203e-05,0.7791963007335524,Y
corridor,TSMC16,Mnr,nmos,0.48,-0.07127272727272727,0.0,1.0321538411424099e-05,0.0,1.3257161923796446e-05,0.7785632000841042,Y
corridor,TSMC16,Mnr,nmos,0.48,-0.050181818181818175,0.0,6.597055229742322e-06,0.0,8.697904015086966e-06,0.7584649380240789,Y
corridor,TSMC16,Mnr,nmos,0.48,-0.0290909090909091,0.0,3.239545081802298e-06,0.0,4.659160716957711e-06,0.6953065752832888,Y
corridor,TSMC16,Mnr,nmos,0.48,-0.008,0.0,4.38069630303191e-07,0.0,1.169310995252637e-06,0.37463910976783665,Y
corridor,TSMC16,Mnr,nmos,0.6400000000000001,-0.24,0.0,8.104847052942914e-05,0.0,0.0001055654296200359,0.7677557967712421,Y
corridor,TSMC16,Mnr,nmos,0.6400000000000001,-0.21890909090909091,0.0,7.622076790089604e-05,0.0,9.748701793044212e-05,0.7818555692746726,Y
corridor,TSMC16,Mnr,nmos,0.6400000000000001,-0.1978181818181818,0.0,7.070439940717436e-05,0.0,8.913867849402735e-05,0.7931955084112207,Y
corridor,TSMC16,Mnr,nmos,0.6400000000000001,-0.17672727272727273,0.0,6.44885031668144e-05,0.0,8.04509251717267e-05,0.8015880865156035,Y
corridor,TSMC16,Mnr,nmos,0.6400000000000001,-0.15563636363636363,0.0,5.760141250628223e-05,0.0,7.135378124467628e-05,0.8072650320907819,Y
corridor,TSMC16,Mnr,nmos,0.6400000000000001,-0.13454545454545455,0.0,5.01211738109901e-05,0.0,6.182190709358437e-05,0.810734837654199,Y
corridor,TSMC16,Mnr,nmos,0.6400000000000001,-0.11345454545454546,0.0,4.217261749271359e-05,0.0,5.192808530396498e-05,0.812135037251094,Y
corridor,TSMC16,Mnr,nmos,0.6400000000000001,-0.09236363636363637,0.0,3.3905629982756596e-05,0.0,4.1842009912418376e-05,0.8103250788794846,Y
corridor,TSMC16,Mnr,nmos,0.6400000000000001,-0.07127272727272727,0.0,2.5457287346017193e-05,0.0,3.17640865415969e-05,0.801448746611347,Y
corridor,TSMC16,Mnr,nmos,0.6400000000000001,-0.050181818181818175,0.0,1.6920167109777148e-05,0.0,2.1872560873603675e-05,0.7735796099759313,Y
corridor,TSMC16,Mnr,nmos,0.6400000000000001,-0.0290909090909091,0.0,8.496381029441246e-06,0.0,1.2320403110915867e-05,0.6896187529703033,Y
corridor,TSMC16,Mnr,nmos,0.6400000000000001,-0.008,0.0,3.7180210601339005e-07,0.0,3.2648001194873766e-06,0.11388204251590406,Y
corridor,TSMC16,Mnr,nmos,0.8,-0.24,0.0,0.00011762199455245442,0.0,0.00014577819518191149,0.8068558840756539,Y
corridor,TSMC16,Mnr,nmos,0.8,-0.21890909090909091,0.0,0.00011182625766824333,0.0,0.00013683935801145353,0.8172082892911805,Y
corridor,TSMC16,Mnr,nmos,0.8,-0.1978181818181818,0.0,0.00010500344270731332,0.0,0.00012724912784589648,0.8251800580863429,Y
corridor,TSMC16,Mnr,nmos,0.8,-0.17672727272727273,0.0,9.704826848258065e-05,0.0,0.00011684215120433272,0.8305929622338374,Y
corridor,TSMC16,Mnr,nmos,0.8,-0.15563636363636363,0.0,8.789238385349313e-05,0.0,0.00010543095441128969,0.8336487547160201,Y
corridor,TSMC16,Mnr,nmos,0.8,-0.13454545454545455,0.0,7.753744914325162e-05,0.0,9.288913330185444e-05,0.8347311077958315,Y
corridor,TSMC16,Mnr,nmos,0.8,-0.11345454545454546,0.0,6.608301547889227e-05,0.0,7.927673496832544e-05,0.8335738789607741,Y
corridor,TSMC16,Mnr,nmos,0.8,-0.09236363636363637,0.0,5.3732740074726864e-05,0.0,6.486337973676815e-05,0.8283987096076059,Y
corridor,TSMC16,Mnr,nmos,0.8,-0.07127272727272727,0.0,4.0755569339756084e-05,0.0,4.999282926521076e-05,0.8152283025141219,Y
corridor,TSMC16,Mnr,nmos,0.8,-0.050181818181818175,0.0,2.7411799244877033e-05,0.0,3.49621994549798e-05,0.7840410406723615,Y
corridor,TSMC16,Mnr,nmos,0.8,-0.0290909090909091,0.0,1.4053874568095706e-05,0.0,2.001561818371078e-05,0.7021454165993787,Y
corridor,TSMC16,Mnr,nmos,0.8,-0.008,0.0,2.6749706273450813e-07,0.0,5.3993636835864e-06,0.04954233098757102,Y
corridor,TSMC16,Mpr,pmos,-0.16000000000000003,0.24,0.0,-4.1311517832141593e-07,-0.0,-1.5907241635026992e-06,0.2597025856524087,Y
corridor,TSMC16,Mpr,pmos,-0.16000000000000003,0.21890909090909091,0.0,-3.2167004369746974e-07,-0.0,-9.374670761896908e-07,0.3431267634538045,Y
corridor,TSMC16,Mpr,pmos,-0.16000000000000003,0.1978181818181818,0.0,-2.4134205271828314e-07,-0.0,-5.196441887900249e-07,0.46443712433355694,Y
corridor,TSMC16,Mpr,pmos,-0.16000000000000003,0.17672727272727273,0.0,-1.669979438906168e-07,-0.0,-2.720093039698668e-07,0.613942028648832,Y
corridor,TSMC16,Mpr,pmos,-0.16000000000000003,0.15563636363636363,0.0,-1.0145631903876965e-07,-0.0,-1.3585385594261368e-07,0.7468048538984866,Y
corridor,TSMC16,Mpr,pmos,-0.16000000000000003,0.13454545454545455,0.0,-5.4118084140508474e-08,-0.0,-6.559050524934662e-08,0.8250902159508456,Y
corridor,TSMC16,Mpr,pmos,-0.16000000000000003,0.11345454545454546,0.0,-3.0153488299851307e-08,-0.0,-3.093592049197014e-08,0.9747079711973684,Y
corridor,TSMC16,Mpr,pmos,-0.16000000000000003,0.09236363636363637,0.0,-2.5969465400275992e-08,-0.0,-1.4314355256672684e-08,1.814225295838612,Y
corridor,TSMC16,Mpr,pmos,-0.16000000000000003,0.07127272727272727,0.0,-3.60298300930475e-08,-0.0,-6.461872703589222e-09,5.575756711059144,Y
corridor,TSMC16,Mpr,pmos,-0.16000000000000003,0.050181818181818175,0.0,-6.141887099974267e-08,-0.0,-2.7731358875904277e-09,22.147804323108524,Y
corridor,TSMC16,Mpr,pmos,-0.16000000000000003,0.0290909090909091,0.0,-4.572452056926192e-08,-0.0,-1.03113004246147e-09,44.34408725024661,Y
corridor,TSMC16,Mpr,pmos,-0.16000000000000003,0.008,0.0,3.924430463438924e-08,0.0,-0.0,nan,n
corridor,TSMC16,Mpr,pmos,-0.32000000000000006,0.24,0.0,-8.489310266754149e-06,-0.0,-1.7927729939470893e-05,0.47352957097281534,Y
corridor,TSMC16,Mpr,pmos,-0.32000000000000006,0.21890909090909091,0.0,-7.210248876915051e-06,-0.0,-1.430805787738798e-05,0.5039292501262459,Y
corridor,TSMC16,Mpr,pmos,-0.32000000000000006,0.1978181818181818,0.0,-5.942466521087109e-06,-0.0,-1.11297595306592e-05,0.5339258682739163,Y
corridor,TSMC16,Mpr,pmos,-0.32000000000000006,0.17672727272727273,0.0,-4.732172803554295e-06,-0.0,-8.404612394929956e-06,0.563044740339121,Y
corridor,TSMC16,Mpr,pmos,-0.32000000000000006,0.15563636363636363,0.0,-3.622652090919717e-06,-0.0,-6.130422641748012e-06,0.5909302347687343,Y
corridor,TSMC16,Mpr,pmos,-0.32000000000000006,0.13454545454545455,0.0,-2.647467624721899e-06,-0.0,-4.291379585019683e-06,0.6169269281057448,Y
corridor,TSMC16,Mpr,pmos,-0.32000000000000006,0.11345454545454546,0.0,-1.8253262645425124e-06,-0.0,-2.8587190392670436e-06,0.6385119486980133,Y
corridor,TSMC16,Mpr,pmos,-0.32000000000000006,0.09236363636363637,0.0,-1.1612361581258245e-06,-0.0,-1.7915686156833033e-06,0.6481672808735431,Y
corridor,TSMC16,Mpr,pmos,-0.32000000000000006,0.07127272727272727,0.0,-6.583753138337817e-07,-0.0,-1.0382186776958235e-06,0.6341393465343453,Y
corridor,TSMC16,Mpr,pmos,-0.32000000000000006,0.050181818181818175,0.0,-3.280951551149487e-07,-0.0,-5.384379331285771e-07,0.6093462865971605,Y
corridor,TSMC16,Mpr,pmos,-0.32000000000000006,0.0290909090909091,0.0,-1.1637684554482187e-07,-0.0,-2.2785557121651756e-07,0.5107482995631294,Y
corridor,TSMC16,Mpr,pmos,-0.32000000000000006,0.008,0.0,6.513083982768485e-08,0.0,-4.5685184801858014e-08,1.425644661615465,n
corridor,TSMC16,Mpr,pmos,-0.48,0.24,0.0,-3.337076509381415e-05,-0.0,-5.089398880109286e-05,0.6556916814721657,Y
corridor,TSMC16,Mpr,pmos,-0.48,0.21890909090909091,0.0,-3.0532701271677886e-05,-0.0,-4.490476102070318e-05,0.6799435199666444,Y
corridor,TSMC16,Mpr,pmos,-0.48,0.1978181818181818,0.0,-2.747965657995223e-05,-0.0,-3.906737963688123e-05,0.7033913417118535,Y
corridor,TSMC16,Mpr,pmos,-0.48,0.17672727272727273,0.0,-2.4258479201775697e-05,-0.0,-3.343200163929971e-05,0.7256065449954863,Y
corridor,TSMC16,Mpr,pmos,-0.48,0.15563636363636363,0.0,-2.092573718098151e-05,-0.0,-2.8054800899068866e-05,0.7458879232921605,Y
corridor,TSMC16,Mpr,pmos,-0.48,0.13454545454545455,0.0,-1.754307222168528e-05,-0.0,-2.2990272185996474e-05,0.7630650076587994,Y
corridor,TSMC16,Mpr,pmos,-0.48,0.11345454545454546,0.0,-1.4171634658632157e-05,-0.0,-1.828381063218032e-05,0.7750919621585585,Y
corridor,TSMC16,Mpr,pmos,-0.48,0.09236363636363637,0.0,-1.0869348907253679e-05,-0.0,-1.3967798848102397e-05,0.7781719242563648,Y
corridor,TSMC16,Mpr,pmos,-0.48,0.07127272727272727,0.0,-7.701917501917724e-06,-0.0,-1.006193274533107e-05,0.7654511013792615,Y
corridor,TSMC16,Mpr,pmos,-0.48,0.050181818181818175,0.0,-4.77433549655843e-06,-0.0,-6.576071978625642e-06,0.7260163076189803,Y
corridor,TSMC16,Mpr,pmos,-0.48,0.0290909090909091,0.0,-2.1980806713650187e-06,-0.0,-3.5136761417087214e-06,0.6255786198599621,Y
corridor,TSMC16,Mpr,pmos,-0.48,0.008,0.0,7.442584818943991e-08,0.0,-8.809891861166763e-07,0.08447986577168169,n
corridor,TSMC16,Mpr,pmos,-0.6400000000000001,0.24,0.0,-6.465164272496224e-05,-0.0,-8.789155062083331e-05,0.7355842770810962,Y
corridor,TSMC16,Mpr,pmos,-0.6400000000000001,0.21890909090909091,0.0,-6.0442924164122855e-05,-0.0,-8.043853005901269e-05,0.751417562202836,Y
corridor,TSMC16,Mpr,pmos,-0.6400000000000001,0.1978181818181818,0.0,-5.574875813892988e-05,-0.0,-7.278531982679581e-05,0.7659340959357309,Y
corridor,TSMC16,Mpr,pmos,-0.6400000000000001,0.17672727272727273,0.0,-5.0585614929255964e-05,-0.0,-6.492640264310623e-05,0.7791224042909,Y
corridor,TSMC16,Mpr,pmos,-0.6400000000000001,0.15563636363636363,0.0,-4.498632636268991e-05,-0.0,-5.688460907871118e-05,0.7908347634145182,Y
corridor,TSMC16,Mpr,pmos,-0.6400000000000001,0.13454545454545455,0.0,-3.900039866589798e-05,-0.0,-4.872051292958979e-05,0.8004923659621732,Y
corridor,TSMC16,Mpr,pmos,-0.6400000000000001,0.11345454545454546,0.0,-3.2693691069352446e-05,-0.0,-4.052628892192711e-05,0.8067279768037984,Y
corridor,TSMC16,Mpr,pmos,-0.6400000000000001,0.09236363636363637,0.0,-2.6149213604391123e-05,-0.0,-3.240621671007915e-05,0.8069196672457621,Y
corridor,TSMC16,Mpr,pmos,-0.6400000000000001,0.07127272727272727,0.0,-1.9475996695090555e-05,-0.0,-2.4458658876014283e-05,0.7962822816172458,Y
corridor,TSMC16,Mpr,pmos,-0.6400000000000001,0.050181818181818175,0.0,-1.2827456922249024e-05,-0.0,-1.6769487937162708e-05,0.7649283609800759,Y
corridor,TSMC16,Mpr,pmos,-0.6400000000000001,0.0290909090909091,0.0,-6.3574162972977664e-06,-0.0,-9.417046642479221e-06,0.6750966134775407,Y
corridor,TSMC16,Mpr,pmos,-0.6400000000000001,0.008,0.0,7.403891041988254e-08,0.0,-2.4910163862190693e-06,0.029722369884632015,n
corridor,TSMC16,Mpr,pmos,-0.8,0.24,0.0,-9.495135032720193e-05,-0.0,-0.00012247137762266824,0.7752942129853806,Y
corridor,TSMC16,Mpr,pmos,-0.8,0.21890909090909091,0.0,-8.95331737347113e-05,-0.0,-0.00011387837328680206,0.7862175332380494,Y
corridor,TSMC16,Mpr,pmos,-0.8,0.1978181818181818,0.0,-8.334237056818308e-05,-0.0,-0.0001047488029926047,0.7956403146112044,Y
corridor,TSMC16,Mpr,pmos,-0.8,0.17672727272727273,0.0,-7.635284584349646e-05,-0.0,-9.501823683422117e-05,0.8035599100487381,Y
corridor,TSMC16,Mpr,pmos,-0.8,0.15563636363636363,0.0,-6.856484692151026e-05,-0.0,-8.466130421713736e-05,0.8098723207199445,Y
corridor,TSMC16,Mpr,pmos,-0.8,0.13454545454545455,0.0,-6.001499075263042e-05,-0.0,-7.372393906468488e-05,0.8140502462839604,Y
corridor,TSMC16,Mpr,pmos,-0.8,0.11345454545454546,0.0,-5.078607403603355e-05,-0.0,-6.232957842911002e-05,0.8147989336041255,Y
corridor,TSMC16,Mpr,pmos,-0.8,0.09236363636363637,0.0,-4.101354653182854e-05,-0.0,-5.064688447797838e-05,0.8097940663983293,Y
corridor,TSMC16,Mpr,pmos,-0.8,0.07127272727272727,0.0,-3.088918758953737e-05,-0.0,-3.8845631877837405e-05,0.7951778899279683,Y
corridor,TSMC16,Mpr,pmos,-0.8,0.050181818181818175,0.0,-2.0652594583113774e-05,-0.0,-2.7074095333701198e-05,0.7628175319825334,Y
corridor,TSMC16,Mpr,pmos,-0.8,0.0290909090909091,0.0,-1.0473504483364679e-05,-0.0,-1.5466113910400647e-05,0.6771904399541154,Y
corridor,TSMC16,Mpr,pmos,-0.8,0.008,0.0,2.7793516886156554e-08,0.0,-4.168059944062441e-06,0.00666821429133942,n
beyond,TSMC5,Mnr,nmos,0.39,-0.26,0.0,4.630686916209053e-05,0.0,7.531547141503836e-05,0.6148387348850128,Y
beyond,TSMC5,Mnr,nmos,0.39,-0.325,0.0,5.177147930422479e-05,0.0,9.989593702242061e-05,0.5182541036939793,Y
beyond,TSMC5,Mpr,pmos,-0.39,0.26,0.0,-2.3963011549680595e-05,-0.0,-4.859399338474901e-05,0.49312702827179605,Y
beyond,TSMC5,Mpr,pmos,-0.39,0.325,0.0,-2.7334825750450113e-05,-0.0,-6.823439141490084e-05,0.40060188394207336,Y
beyond,TSMC7,Mnr,nmos,0.44999999999999996,-0.30000000000000004,0.0,7.483040848560407e-05,0.0,0.00012983682640133054,0.5763419405700848,Y
beyond,TSMC7,Mnr,nmos,0.44999999999999996,-0.375,0.0,8.089516130427125e-05,0.0,0.00015835738786940112,0.5108391998167227,Y
beyond,TSMC7,Mpr,pmos,-0.44999999999999996,0.30000000000000004,0.0,-5.331087462527529e-05,-0.0,-8.74738642631101e-05,0.6094491774700047,Y
beyond,TSMC7,Mpr,pmos,-0.44999999999999996,0.375,0.0,-5.869205036445099e-05,-0.0,-0.00011202736854842854,0.5239081407065175,Y
beyond,TSMC12,Mnr,nmos,0.48,-0.32000000000000006,0.0,5.460216904418509e-05,0.0,9.30967352652523e-05,0.5865100305463125,Y
beyond,TSMC12,Mnr,nmos,0.48,-0.4,0.0,6.052119156006514e-05,0.0,0.0001204922077113757,0.5022830331488011,Y
beyond,TSMC12,Mpr,pmos,-0.48,0.32000000000000006,0.0,-4.691273375871143e-05,-0.0,-8.059835310270103e-05,0.5820557362869898,Y
beyond,TSMC12,Mpr,pmos,-0.48,0.4,0.0,-5.207748664775083e-05,-0.0,-0.0001045455998438527,0.4981317886695639,Y
beyond,TSMC16,Mnr,nmos,0.48,-0.32000000000000006,0.0,5.259764931544317e-05,0.0,8.909950677260525e-05,0.5903248089765517,Y
beyond,TSMC16,Mnr,nmos,0.48,-0.4,0.0,5.824661537749186e-05,0.0,0.00011592292148421279,0.5024598641212152,Y
beyond,TSMC16,Mpr,pmos,-0.48,0.32000000000000006,0.0,-4.17554994936936e-05,-0.0,-7.441663824048206e-05,0.5611043508678539,Y
beyond,TSMC16,Mpr,pmos,-0.48,0.4,0.0,-4.65304189271456e-05,-0.0,-9.850307730596697e-05,0.4723752820697608,Y
